.id,,ACABIN,ACBRKB,ACBRWN,ACBUBO,ACCADS,ACDKLI,ACDUCK,ACEGLO,ACHADB,ACHNTR,ACHTHB,ACJRDO,ACKEBO,ACLKWO,ACLSIE,ACLVYB,ACMOWB,ACMRSL,ACOTRC,ACSGTB,ACSTNL
Temp (C),ACABIN,1,0.63,,,0.65,,,,0.71,0.66,0.79,0.76,0.45,,0.49,,,0.73,0.76,0.78,0.82
Temp (C),ACBRKB,0.63,1,,,0.7,,,,0.6,0.57,0.81,0.7,0.54,,0.73,,,0.8,0.69,0.65,0.49
Temp (C),ACBRWN,,,1,0.78,0.77,0.84,0.86,0.96,0.77,,,,,0.73,0.76,0.85,0.87,,0.76,,0.88
Temp (C),ACBUBO,,,0.78,1,0.67,0.8,0.89,0.67,0.71,,,,,0.89,0.63,0.8,0.85,,0.71,,0.75
Temp (C),ACCADS,0.65,0.7,0.77,0.67,1,0.77,0.77,0.6,0.8,0.7,0.72,0.8,0.83,0.79,0.76,0.7,0.69,0.73,0.73,0.88,0.74
Temp (C),ACDKLI,,,0.84,0.8,0.77,1,0.88,0.77,0.72,,,,,0.8,0.85,0.93,0.76,,0.68,,0.77
Temp (C),ACDUCK,,,0.86,0.89,0.77,0.88,1,,0.83,,,,,0.88,0.79,0.93,0.94,,0.81,,0.85
Temp (C),ACEGLO,,,0.96,0.67,0.6,0.77,,1,0.82,,,,,0.76,,0.77,0.8,,0.79,,0.8
Temp (C),ACHADB,0.71,0.6,0.77,0.71,0.8,0.72,0.83,0.82,1,0.74,0.75,0.83,0.69,0.8,0.66,0.75,0.88,0.74,0.8,0.91,0.76
Temp (C),ACHNTR,0.66,0.57,,,0.7,,,,0.74,1,0.63,0.83,0.72,,0.6,,,0.72,0.8,0.8,0.98
Temp (C),ACHTHB,0.79,0.81,,,0.72,,,,0.75,0.63,1,0.7,0.58,,0.56,,,0.84,0.75,0.78,0.76
Temp (C),ACJRDO,0.76,0.7,,,0.8,,,,0.83,0.83,0.7,1,0.72,,0.79,,,0.7,0.84,0.89,0.9
Temp (C),ACKEBO,0.45,0.54,,,0.83,,,,0.69,0.72,0.58,0.72,1,,0.86,,,0.64,0.69,0.79,0.78
Temp (C),ACLKWO,,,0.73,0.89,0.79,0.8,0.88,0.76,0.8,,,,,1,0.67,0.76,0.8,,0.8,,0.73
Temp (C),ACLSIE,0.49,0.73,0.76,0.63,0.76,0.85,0.79,,0.66,0.6,0.56,0.79,0.86,0.67,1,0.88,,0.74,0.6,0.78,0.77
Temp (C),ACLVYB,,,0.85,0.8,0.7,0.93,0.93,0.77,0.75,,,,,0.76,0.88,1,0.9,,0.65,,0.86
Temp (C),ACMOWB,,,0.87,0.85,0.69,0.76,0.94,0.8,0.88,,,,,0.8,,0.9,1,,0.69,,0.95
Temp (C),ACMRSL,0.73,0.8,,,0.73,,,,0.74,0.72,0.84,0.7,0.64,,0.74,,,1,0.76,0.76,0.78
Temp (C),ACOTRC,0.76,0.69,0.76,0.71,0.73,0.68,0.81,0.79,0.8,0.8,0.75,0.84,0.69,0.8,0.6,0.65,0.69,0.76,1,0.83,0.74
Temp (C),ACSGTB,0.78,0.65,,,0.88,,,,0.91,0.8,0.78,0.89,0.79,,0.78,,,0.76,0.83,1,0.86
Temp (C),ACSTNL,0.82,0.49,0.88,0.75,0.74,0.77,0.85,0.8,0.76,0.98,0.76,0.9,0.78,0.73,0.77,0.86,0.95,0.78,0.74,0.86,1
DO (mg/L),ACABIN,1,0.6,,,0.42,,,,0.66,0.62,0.66,0.78,0.56,,0.44,,,0.51,0.59,0.6,0.7
DO (mg/L),ACBRKB,0.6,1,,,0.46,,,,0.7,0.66,0.67,0.68,0.59,,0.44,,,0.64,0.77,0.53,0.72
DO (mg/L),ACBRWN,,,1,0.88,0.77,0.66,0.86,0.96,0.76,,,,,0.78,0.66,0.79,0.91,,0.8,,0.83
DO (mg/L),ACBUBO,,,0.88,1,0.75,0.58,0.91,0.83,0.72,,,,,0.89,0.58,0.82,0.87,,0.79,,0.8
DO (mg/L),ACCADS,0.42,0.46,0.77,0.75,1,0.69,0.58,0.79,0.73,0.63,0.22,0.73,0.54,0.6,0.3,0.57,0.86,0.32,0.67,0.58,0.58
DO (mg/L),ACDKLI,,,0.66,0.58,0.69,1,0.82,0.83,0.58,,,,,0.63,0.67,0.69,0.65,,0.52,,0.63
DO (mg/L),ACDUCK,,,0.86,0.91,0.58,0.82,1,,0.55,,,,,0.84,0.71,0.86,0.93,,0.78,,0.82
DO (mg/L),ACEGLO,,,0.96,0.83,0.79,0.83,,1,0.76,,,,,0.82,,0.69,0.76,,0.79,,0.73
DO (mg/L),ACHADB,0.66,0.7,0.76,0.72,0.73,0.58,0.55,0.76,1,0.74,0.55,0.82,0.67,0.48,0.33,0.63,0.94,0.65,0.8,0.6,0.58
DO (mg/L),ACHNTR,0.62,0.66,,,0.63,,,,0.74,1,0.49,0.78,0.73,,0.36,,,0.59,0.79,0.75,0.97
DO (mg/L),ACHTHB,0.66,0.67,,,0.22,,,,0.55,0.49,1,0.58,0.51,,0.7,,,0.73,0.43,0.29,0.51
DO (mg/L),ACJRDO,0.78,0.68,,,0.73,,,,0.82,0.78,0.58,1,0.76,,0.64,,,0.65,0.83,0.6,0.94
DO (mg/L),ACKEBO,0.56,0.59,,,0.54,,,,0.67,0.73,0.51,0.76,1,,0.66,,,0.61,0.68,0.59,0.78
DO (mg/L),ACLKWO,,,0.78,0.89,0.6,0.63,0.84,0.82,0.48,,,,,1,0.74,0.73,0.9,,0.8,,0.77
DO (mg/L),ACLSIE,0.44,0.44,0.66,0.58,0.3,0.67,0.71,,0.33,0.36,0.7,0.64,0.66,0.74,1,0.64,,0.75,0.44,0.06,0.81
DO (mg/L),ACLVYB,,,0.79,0.82,0.57,0.69,0.86,0.69,0.63,,,,,0.73,0.64,1,0.8,,0.66,,0.73
DO (mg/L),ACMOWB,,,0.91,0.87,0.86,0.65,0.93,0.76,0.94,,,,,0.9,,0.8,1,,0.79,,0.95
DO (mg/L),ACMRSL,0.51,0.64,,,0.32,,,,0.65,0.59,0.73,0.65,0.61,,0.75,,,1,0.61,0.38,0.68
DO (mg/L),ACOTRC,0.59,0.77,0.8,0.79,0.67,0.52,0.78,0.79,0.8,0.79,0.43,0.83,0.68,0.8,0.44,0.66,0.79,0.61,1,0.66,0.75
DO (mg/L),ACSGTB,0.6,0.53,,,0.58,,,,0.6,0.75,0.29,0.6,0.59,,0.06,,,0.38,0.66,1,0.94
DO (mg/L),ACSTNL,0.7,0.72,0.83,0.8,0.58,0.63,0.82,0.73,0.58,0.97,0.51,0.94,0.78,0.77,0.81,0.73,0.95,0.68,0.75,0.94,1
DO % Sat,ACABIN,1,0.36,,,0.21,,,,0.15,0.19,0.59,0.39,0.26,,0.12,,,0.06,0.19,0.25,-0.1
DO % Sat,ACBRKB,0.36,1,,,0.49,,,,0.64,0.65,0.37,0.46,0.6,,-0.26,,,0.12,0.48,0.39,0.81
DO % Sat,ACBRWN,,,1,0.6,0.51,0.54,0.62,0.72,0.77,,,,,0.62,0.23,0.53,0.75,,0.74,,0.11
DO % Sat,ACBUBO,,,0.6,1,0.14,0.03,0.61,0.71,0.21,,,,,0.38,0.19,0.54,0.42,,0.64,,0.17
DO % Sat,ACCADS,0.21,0.49,0.51,0.14,1,0.44,0.23,0.34,0.48,0.55,0,0.47,0.55,0.13,-0.19,0.22,0.23,-0.09,0.47,0.43,-0.1
DO % Sat,ACDKLI,,,0.54,0.03,0.44,1,0.46,0.67,0.29,,,,,0.29,0.05,0.37,0.36,,0.12,,-0.02
DO % Sat,ACDUCK,,,0.62,0.61,0.23,0.46,1,,0.01,,,,,0.59,0.3,0.62,0.88,,0.61,,0.2
DO % Sat,ACEGLO,,,0.72,0.71,0.34,0.67,,1,0.31,,,,,0.92,,0.73,0.64,,0.54,,0.5
DO % Sat,ACHADB,0.15,0.64,0.77,0.21,0.48,0.29,0.01,0.31,1,0.66,0.15,0.51,0.49,0.12,-0.04,0.37,0.58,0.03,0.63,0.25,-0.24
DO % Sat,ACHNTR,0.19,0.65,,,0.55,,,,0.66,1,0.15,0.27,0.51,,-0.04,,,-0.1,0.49,0.41,0.82
DO % Sat,ACHTHB,0.59,0.37,,,0,,,,0.15,0.15,1,0.36,0.17,,0.29,,,0.44,-0.02,0.05,0.27
DO % Sat,ACJRDO,0.39,0.46,,,0.47,,,,0.51,0.27,0.36,1,0.57,,-0.03,,,0.12,0.49,0.24,0.65
DO % Sat,ACKEBO,0.26,0.6,,,0.55,,,,0.49,0.51,0.17,0.57,1,,-0.11,,,0.01,0.5,0.51,0.43
DO % Sat,ACLKWO,,,0.62,0.38,0.13,0.29,0.59,0.92,0.12,,,,,1,0.73,0.41,0.87,,0.58,,0.37
DO % Sat,ACLSIE,0.12,-0.26,0.23,0.19,-0.19,0.05,0.3,,-0.04,-0.04,0.29,-0.03,-0.11,0.73,1,0.04,,0.46,0.15,-0.41,0.59
DO % Sat,ACLVYB,,,0.53,0.54,0.22,0.37,0.62,0.73,0.37,,,,,0.41,0.04,1,0.57,,0.6,,-0.01
DO % Sat,ACMOWB,,,0.75,0.42,0.23,0.36,0.88,0.64,0.58,,,,,0.87,,0.57,1,,0.57,,0.6
DO % Sat,ACMRSL,0.06,0.12,,,-0.09,,,,0.03,-0.1,0.44,0.12,0.01,,0.46,,,1,0,-0.26,0.04
DO % Sat,ACOTRC,0.19,0.48,0.74,0.64,0.47,0.12,0.61,0.54,0.63,0.49,-0.02,0.49,0.5,0.58,0.15,0.6,0.57,0,1,0.06,0.28
DO % Sat,ACSGTB,0.25,0.39,,,0.43,,,,0.25,0.41,0.05,0.24,0.51,,-0.41,,,-0.26,0.06,1,0.6
DO % Sat,ACSTNL,-0.1,0.81,0.11,0.17,-0.1,-0.02,0.2,0.5,-0.24,0.82,0.27,0.65,0.43,0.37,0.59,-0.01,0.6,0.04,0.28,0.6,1
pH,ACABIN,1,0.5,,,0.21,,,,0.54,0.55,0.54,0.13,0.42,,0.47,,,0.56,0.48,0.51,0.72
pH,ACBRKB,0.5,1,,,0.04,,,,0.24,0.52,0.54,0.23,0.64,,0.04,,,0.48,0.46,0.23,0.66
pH,ACBRWN,,,1,0.56,0.49,0.44,0.54,-0.38,0.51,,,,,0.42,0.43,0.25,-0.03,,0.26,,0.3
pH,ACBUBO,,,0.56,1,0.53,0.31,0.35,0.91,0.26,,,,,0.48,0.27,0.08,0.34,,0.54,,0.43
pH,ACCADS,0.21,0.04,0.49,0.53,1,0.15,0.45,-0.9,0.42,0.17,0.02,0.28,-0.07,0.62,0.23,-0.18,0.11,-0.04,0.57,0.33,0.35
pH,ACDKLI,,,0.44,0.31,0.15,1,0.31,-0.94,0.32,,,,,0.27,0.72,0.62,0.21,,0.17,,0.48
pH,ACDUCK,,,0.54,0.35,0.45,0.31,1,,0.31,,,,,0.29,0.58,0.34,0.83,,0.65,,0.36
pH,ACEGLO,,,-0.38,0.91,-0.9,-0.94,,1,-0.44,,,,,-0.3,,0.82,0.06,,0.2,,-0.79
pH,ACHADB,0.54,0.24,0.51,0.26,0.42,0.32,0.31,-0.44,1,0.45,0.25,-0.15,0.27,0.52,0.54,0.04,-0.46,0.21,0.41,0.46,0.25
pH,ACHNTR,0.55,0.52,,,0.17,,,,0.45,1,0.59,0.12,0.41,,0.64,,,0.5,0.57,0.42,0.73
pH,ACHTHB,0.54,0.54,,,0.02,,,,0.25,0.59,1,0.13,0.43,,0.69,,,0.68,0.34,0.6,0.72
pH,ACJRDO,0.13,0.23,,,0.28,,,,-0.15,0.12,0.13,1,-0.02,,0.05,,,0.07,0.22,-0.06,-0.66
pH,ACKEBO,0.42,0.64,,,-0.07,,,,0.27,0.41,0.43,-0.02,1,,0.08,,,0.28,0.05,0.18,0.72
pH,ACLKWO,,,0.42,0.48,0.62,0.27,0.29,-0.3,0.52,,,,,1,0.38,-0.13,0.22,,0.64,,0.49
pH,ACLSIE,0.47,0.04,0.43,0.27,0.23,0.72,0.58,,0.54,0.64,0.69,0.05,0.08,0.38,1,0.65,,0.69,0.45,0.7,0.52
pH,ACLVYB,,,0.25,0.08,-0.18,0.62,0.34,0.82,0.04,,,,,-0.13,0.65,1,0.06,,0.16,,0.23
pH,ACMOWB,,,-0.03,0.34,0.11,0.21,0.83,0.06,-0.46,,,,,0.22,,0.06,1,,0.4,,0.76
pH,ACMRSL,0.56,0.48,,,-0.04,,,,0.21,0.5,0.68,0.07,0.28,,0.69,,,1,0.46,0.51,0.6
pH,ACOTRC,0.48,0.46,0.26,0.54,0.57,0.17,0.65,0.2,0.41,0.57,0.34,0.22,0.05,0.64,0.45,0.16,0.4,0.46,1,0.5,0.62
pH,ACSGTB,0.51,0.23,,,0.33,,,,0.46,0.42,0.6,-0.06,0.18,,0.7,,,0.51,0.5,1,0.68
pH,ACSTNL,0.72,0.66,0.3,0.43,0.35,0.48,0.36,-0.79,0.25,0.73,0.72,-0.66,0.72,0.49,0.52,0.23,0.76,0.6,0.62,0.68,1
SpCond (uS/cm),ACABIN,1,0.66,,,0.55,,,,0.41,0.48,0.2,-0.11,0.59,,0.11,,,0.5,0.57,0.52,0.55
SpCond (uS/cm),ACBRKB,0.66,1,,,0.66,,,,0.59,0.67,0.38,-0.18,0.88,,0.31,,,0.52,0.58,0.29,0.65
SpCond (uS/cm),ACBRWN,,,1,0.58,0.63,0.5,0.14,-0.25,0.54,,,,,0.35,0.73,-0.04,0.84,,0.72,,0.69
SpCond (uS/cm),ACBUBO,,,0.58,1,0.76,0.65,0.75,0.29,0.29,,,,,0.42,0.48,0.49,0.6,,0.72,,0.52
SpCond (uS/cm),ACCADS,0.55,0.66,0.63,0.76,1,0.59,0.69,-0.43,0.51,0.68,0.56,0.13,0.69,0.39,0.62,0.31,0.74,0.67,0.7,0.65,0.63
SpCond (uS/cm),ACDKLI,,,0.5,0.65,0.59,1,0.43,0.81,0.56,,,,,0.55,0.29,0.66,0.94,,0.61,,0.53
SpCond (uS/cm),ACDUCK,,,0.14,0.75,0.69,0.43,1,,0.18,,,,,0.42,0.05,0.51,0.75,,0.6,,0.27
SpCond (uS/cm),ACEGLO,,,-0.25,0.29,-0.43,0.81,,1,-0.04,,,,,0.55,,0.4,0.36,,0.59,,0.75
SpCond (uS/cm),ACHADB,0.41,0.59,0.54,0.29,0.51,0.56,0.18,-0.04,1,0.44,0.36,0.29,0.57,0.55,0.39,0.29,0.67,0.41,0.44,0.42,0.53
SpCond (uS/cm),ACHNTR,0.48,0.67,,,0.68,,,,0.44,1,0.46,0.06,0.7,,0.71,,,0.57,0.58,0.42,0.89
SpCond (uS/cm),ACHTHB,0.2,0.38,,,0.56,,,,0.36,0.46,1,0.31,0.45,,0.32,,,0.33,0.34,0.41,0.62
SpCond (uS/cm),ACJRDO,-0.11,-0.18,,,0.13,,,,0.29,0.06,0.31,1,-0.29,,0.03,,,0.11,-0.12,0.45,-0.18
SpCond (uS/cm),ACKEBO,0.59,0.88,,,0.69,,,,0.57,0.7,0.45,-0.29,1,,0.26,,,0.38,0.59,0.2,0.85
SpCond (uS/cm),ACLKWO,,,0.35,0.42,0.39,0.55,0.42,0.55,0.55,,,,,1,0.09,0.32,0.89,,0.5,,0.39
SpCond (uS/cm),ACLSIE,0.11,0.31,0.73,0.48,0.62,0.29,0.05,,0.39,0.71,0.32,0.03,0.26,0.09,1,-0.14,,0.58,0.38,0.44,0.76
SpCond (uS/cm),ACLVYB,,,-0.04,0.49,0.31,0.66,0.51,0.4,0.29,,,,,0.32,-0.14,1,0.6,,0.26,,0.27
SpCond (uS/cm),ACMOWB,,,0.84,0.6,0.74,0.94,0.75,0.36,0.67,,,,,0.89,,0.6,1,,0.85,,0.83
SpCond (uS/cm),ACMRSL,0.5,0.52,,,0.67,,,,0.41,0.57,0.33,0.11,0.38,,0.58,,,1,0.52,0.61,0.43
SpCond (uS/cm),ACOTRC,0.57,0.58,0.72,0.72,0.7,0.61,0.6,0.59,0.44,0.58,0.34,-0.12,0.59,0.5,0.38,0.26,0.85,0.52,1,0.41,0.7
SpCond (uS/cm),ACSGTB,0.52,0.29,,,0.65,,,,0.42,0.42,0.41,0.45,0.2,,0.44,,,0.61,0.41,1,0.42
SpCond (uS/cm),ACSTNL,0.55,0.65,0.69,0.52,0.63,0.53,0.27,0.75,0.53,0.89,0.62,-0.18,0.85,0.39,0.76,0.27,0.83,0.43,0.7,0.42,1
Turbidity (NTU),ACABIN,1,0.01,,,-0.09,,,,0.5,-0.16,0.01,-0.09,-0.16,,,,,0.12,0.89,0.26,0.86
Turbidity (NTU),ACBRKB,0.01,1,,,0.31,,,,0.28,-0.24,0.22,-0.8,0.36,,,,,-0.22,-0.23,0.54,0.31
Turbidity (NTU),ACBRWN,,,1,0.55,0.12,0.79,0.15,,0.3,,,,,-0.19,-0.01,0.27,,,0.74,,-0.1
Turbidity (NTU),ACBUBO,,,0.55,1,-0.08,-0.06,-0.05,,0.7,,,,,0.17,0.11,-0.24,,,-0.13,,0.21
Turbidity (NTU),ACCADS,-0.09,0.31,0.12,-0.08,1,0.29,0.51,,0.09,-0.55,-0.13,-0.41,-0.09,0.71,-0.12,0.19,,0.23,-0.05,0.14,-0.15
Turbidity (NTU),ACDKLI,,,0.79,-0.06,0.29,1,0.02,,-0.28,,,,,-0.17,0.17,0.41,,,0.88,,-0.42
Turbidity (NTU),ACDUCK,,,0.15,-0.05,0.51,0.02,1,,-0.06,,,,,0.62,0.46,0.41,,,0.09,,-0.32
Turbidity (NTU),ACEGLO,,,,,,,,,,,,,,,,,,,,,
Turbidity (NTU),ACHADB,0.5,0.28,0.3,0.7,0.09,-0.28,-0.06,,1,-0.35,-0.2,-0.23,0.05,-0.27,-0.03,-0.38,,0.14,0.32,0.69,0.23
Turbidity (NTU),ACHNTR,-0.16,-0.24,,,-0.55,,,,-0.35,1,0.11,0.38,0.15,,,,,-0.39,0,-0.08,0.06
Turbidity (NTU),ACHTHB,0.01,0.22,,,-0.13,,,,-0.2,0.11,1,-0.02,0.8,,,,,0.27,0.13,0.01,0.15
Turbidity (NTU),ACJRDO,-0.09,-0.8,,,-0.41,,,,-0.23,0.38,-0.02,1,0.07,,,,,-0.72,-0.23,0.49,-0.28
Turbidity (NTU),ACKEBO,-0.16,0.36,,,-0.09,,,,0.05,0.15,0.8,0.07,1,,,,,0.18,-0.1,0.36,-0.03
Turbidity (NTU),ACLKWO,,,-0.19,0.17,0.71,-0.17,0.62,,-0.27,,,,,1,-0.01,0.05,,,-0.55,,-0.02
Turbidity (NTU),ACLSIE,,,-0.01,0.11,-0.12,0.17,0.46,,-0.03,,,,,-0.01,1,0.29,,,0.36,,-0.19
Turbidity (NTU),ACLVYB,,,0.27,-0.24,0.19,0.41,0.41,,-0.38,,,,,0.05,0.29,1,,,0.44,,-0.72
Turbidity (NTU),ACMOWB,,,,,,,,,,,,,,,,,,,,,
Turbidity (NTU),ACMRSL,0.12,-0.22,,,0.23,,,,0.14,-0.39,0.27,-0.72,0.18,,,,,1,0.27,-0.36,0.06
Turbidity (NTU),ACOTRC,0.89,-0.23,0.74,-0.13,-0.05,0.88,0.09,,0.32,0,0.13,-0.23,-0.1,-0.55,0.36,0.44,,0.27,1,0.11,0.42
Turbidity (NTU),ACSGTB,0.26,0.54,,,0.14,,,,0.69,-0.08,0.01,0.49,0.36,,,,,-0.36,0.11,1,0.34
Turbidity (NTU),ACSTNL,0.86,0.31,-0.1,0.21,-0.15,-0.42,-0.32,,0.23,0.06,0.15,-0.28,-0.03,-0.02,-0.19,-0.72,,0.06,0.42,0.34,1
Discharge (cfs),ACABIN,1,0.26,,,0.05,,,,-0.01,0.28,0.29,0.46,0.14,,0.62,,,0.31,0.27,0.88,0.4
Discharge (cfs),ACBRKB,0.26,1,,,0.07,,,,0.07,0.69,0.63,0.65,0.35,,0.66,,,0.19,0.58,0.08,0.74
Discharge (cfs),ACBRWN,,,1,0.7,0.31,0.25,0.33,0.97,-0.06,,,,,0.86,0.38,0.76,0.47,,0.14,,0.8
Discharge (cfs),ACBUBO,,,0.7,1,0.52,0.71,0.43,0.33,0.06,,,,,0.74,0.68,0.86,0.25,,0.21,,0.83
Discharge (cfs),ACCADS,0.05,0.07,0.31,0.52,1,0.57,0.23,-0.05,0,0.05,0.64,0.28,0.32,0.33,0.5,0.45,-0.21,0.54,0.15,0.09,0.1
Discharge (cfs),ACDKLI,,,0.25,0.71,0.57,1,0.1,0.84,0.18,,,,,0.26,0.73,0.72,0.12,,0.33,,0.3
Discharge (cfs),ACDUCK,,,0.33,0.43,0.23,0.1,1,,0.03,,,,,0.45,0.52,0.38,-0.68,,0.28,,0.53
Discharge (cfs),ACEGLO,,,0.97,0.33,-0.05,0.84,,1,0.66,,,,,0.99,,0.75,0.48,,0.83,,0.72
Discharge (cfs),ACHADB,-0.01,0.07,-0.06,0.06,0,0.18,0.03,0.66,1,0.07,-0.04,0.1,0.24,0,0.26,0.09,0.23,-0.14,0.23,0.07,-0.01
Discharge (cfs),ACHNTR,0.28,0.69,,,0.05,,,,0.07,1,0.58,0.38,0.64,,0.76,,,0.29,0.5,0.07,0.99
Discharge (cfs),ACHTHB,0.29,0.63,,,0.64,,,,-0.04,0.58,1,0.54,0.45,,0.36,,,0.38,0.27,0.11,0.29
Discharge (cfs),ACJRDO,0.46,0.65,,,0.28,,,,0.1,0.38,0.54,1,0.44,,0.45,,,0.35,0.56,0.51,0.42
Discharge (cfs),ACKEBO,0.14,0.35,,,0.32,,,,0.24,0.64,0.45,0.44,1,,0.36,,,0.31,0.39,0.16,0.83
Discharge (cfs),ACLKWO,,,0.86,0.74,0.33,0.26,0.45,0.99,0,,,,,1,0.54,0.71,0.66,,0.18,,0.89
Discharge (cfs),ACLSIE,0.62,0.66,0.38,0.68,0.5,0.73,0.52,,0.26,0.76,0.36,0.45,0.36,0.54,1,0.7,,0.3,0.6,0.21,0.43
Discharge (cfs),ACLVYB,,,0.76,0.86,0.45,0.72,0.38,0.75,0.09,,,,,0.71,0.7,1,0.38,,0.3,,0.64
Discharge (cfs),ACMOWB,,,0.47,0.25,-0.21,0.12,-0.68,0.48,0.23,,,,,0.66,,0.38,1,,0.59,,0.58
Discharge (cfs),ACMRSL,0.31,0.19,,,0.54,,,,-0.14,0.29,0.38,0.35,0.31,,0.3,,,1,0.2,0.46,0.49
Discharge (cfs),ACOTRC,0.27,0.58,0.14,0.21,0.15,0.33,0.28,0.83,0.23,0.5,0.27,0.56,0.39,0.18,0.6,0.3,0.59,0.2,1,0.22,0.16
Discharge (cfs),ACSGTB,0.88,0.08,,,0.09,,,,0.07,0.07,0.11,0.51,0.16,,0.21,,,0.46,0.22,1,0.66
Discharge (cfs),ACSTNL,0.4,0.74,0.8,0.83,0.1,0.3,0.53,0.72,-0.01,0.99,0.29,0.42,0.83,0.89,0.43,0.64,0.58,0.49,0.16,0.66,1
ANC (ueq/L),ACABIN,1,0.92,,,0.93,,,,0.87,0.95,0.88,0.52,0.95,,0.66,,,0.77,0.91,0.84,0.98
ANC (ueq/L),ACBRKB,0.92,1,,,0.9,,,,0.92,0.94,0.88,0.53,0.98,,0.82,,,0.62,0.95,0.96,0.98
ANC (ueq/L),ACBRWN,,,1,0.68,0.75,0.79,0.78,1,0.73,,,,,0.93,0.96,0.88,0.83,,0.85,,0.86
ANC (ueq/L),ACBUBO,,,0.68,1,0.11,0.91,0.72,1,0.13,,,,,0.71,0.92,0.6,-0.01,,0.41,,0.45
ANC (ueq/L),ACCADS,0.93,0.9,0.75,0.11,1,0.96,0.49,1,0.88,0.86,0.91,0.53,0.92,0.59,0.64,0.8,0.97,0.53,0.75,0.82,0.89
ANC (ueq/L),ACDKLI,,,0.79,0.91,0.96,1,0.56,,0.92,,,,,0.66,0.85,0.9,1,,0.78,,0.94
ANC (ueq/L),ACDUCK,,,0.78,0.72,0.49,0.56,1,,0.5,,,,,0.92,0.95,0.81,1,,0.84,,0.72
ANC (ueq/L),ACEGLO,,,1,1,1,,,1,1,,,,,1,,1,1,,1,,1
ANC (ueq/L),ACHADB,0.87,0.92,0.73,0.13,0.88,0.92,0.5,1,1,0.85,0.85,0.69,0.9,0.55,0.72,0.74,0.92,0.68,0.71,0.9,0.83
ANC (ueq/L),ACHNTR,0.95,0.94,,,0.86,,,,0.85,1,0.8,0.43,0.95,,0.85,,,0.72,0.92,0.88,1
ANC (ueq/L),ACHTHB,0.88,0.88,,,0.91,,,,0.85,0.8,1,0.68,0.84,,0.72,,,0.56,0.82,0.77,0.96
ANC (ueq/L),ACJRDO,0.52,0.53,,,0.53,,,,0.69,0.43,0.68,1,0.45,,0.55,,,0.13,0.48,0.42,-1
ANC (ueq/L),ACKEBO,0.95,0.98,,,0.92,,,,0.9,0.95,0.84,0.45,1,,0.69,,,0.69,0.93,0.96,0.97
ANC (ueq/L),ACLKWO,,,0.93,0.71,0.59,0.66,0.92,1,0.55,,,,,1,0.9,0.85,0.93,,0.85,,0.76
ANC (ueq/L),ACLSIE,0.66,0.82,0.96,0.92,0.64,0.85,0.95,,0.72,0.85,0.72,0.55,0.69,0.9,1,0.95,,0.97,0.9,0.83,0.94
ANC (ueq/L),ACLVYB,,,0.88,0.6,0.8,0.9,0.81,1,0.74,,,,,0.85,0.95,1,0.94,,0.93,,0.97
ANC (ueq/L),ACMOWB,,,0.83,-0.01,0.97,1,1,1,0.92,,,,,0.93,,0.94,1,,0.97,,0.97
ANC (ueq/L),ACMRSL,0.77,0.62,,,0.53,,,,0.68,0.72,0.56,0.13,0.69,,0.97,,,1,0.68,0.61,0.72
ANC (ueq/L),ACOTRC,0.91,0.95,0.85,0.41,0.75,0.78,0.84,1,0.71,0.92,0.82,0.48,0.93,0.85,0.9,0.93,0.97,0.68,1,0.88,0.94
ANC (ueq/L),ACSGTB,0.84,0.96,,,0.82,,,,0.9,0.88,0.77,0.42,0.96,,0.83,,,0.61,0.88,1,0.89
ANC (ueq/L),ACSTNL,0.98,0.98,0.86,0.45,0.89,0.94,0.72,1,0.83,1,0.96,-1,0.97,0.76,0.94,0.97,0.97,0.72,0.94,0.89,1
App Color (PCU),ACABIN,1,0.55,,,0.21,,,,0.37,-0.25,0.84,-0.13,0.27,,0.41,,,0.54,0.81,0.39,-0.25
App Color (PCU),ACBRKB,0.55,1,,,0.21,,,,0.38,0.1,0.59,0.27,-0.27,,0.56,,,0.55,0.24,0.09,0.7
App Color (PCU),ACBRWN,,,1,0.23,0.07,0.63,-0.09,1,0.06,,,,,0.54,0.65,0.41,0.73,,-0.06,,0.32
App Color (PCU),ACBUBO,,,0.23,1,0.13,0.72,0.52,-1,-0.67,,,,,0.05,0.78,0.34,0.87,,0.63,,0.13
App Color (PCU),ACCADS,0.21,0.21,0.07,0.13,1,-0.07,-0.67,-1,0.29,0.23,0.16,-0.04,0.37,0.37,0.57,-0.03,0.04,0.22,0.41,0.85,0.4
App Color (PCU),ACDKLI,,,0.63,0.72,-0.07,1,0.1,,-0.12,,,,,0.56,0.34,0.8,1,,0.86,,0.46
App Color (PCU),ACDUCK,,,-0.09,0.52,-0.67,0.1,1,,-0.16,,,,,-0.45,0.16,0.1,-1,,-0.24,,-0.02
App Color (PCU),ACEGLO,,,1,-1,-1,,,1,-1,,,,,,,-1,-1,,-1,,-1
App Color (PCU),ACHADB,0.37,0.38,0.06,-0.67,0.29,-0.12,-0.16,-1,1,0.35,0.52,-0.2,0.45,0.21,0.59,0.09,-0.37,0.83,0.13,0.55,0.32
App Color (PCU),ACHNTR,-0.25,0.1,,,0.23,,,,0.35,1,-0.03,-0.21,0.03,,0.73,,,0.37,-0.2,0,0.03
App Color (PCU),ACHTHB,0.84,0.59,,,0.16,,,,0.52,-0.03,1,-0.36,0.07,,0.86,,,0.63,0.66,0.26,-0.12
App Color (PCU),ACJRDO,-0.13,0.27,,,-0.04,,,,-0.2,-0.21,-0.36,1,-0.32,,-0.47,,,-0.45,-0.2,-0.33,-1
App Color (PCU),ACKEBO,0.27,-0.27,,,0.37,,,,0.45,0.03,0.07,-0.32,1,,0.66,,,0.13,0.62,0.67,-0.81
App Color (PCU),ACLKWO,,,0.54,0.05,0.37,0.56,-0.45,,0.21,,,,,1,0.74,0.58,0.89,,0.16,,0.54
App Color (PCU),ACLSIE,0.41,0.56,0.65,0.78,0.57,0.34,0.16,,0.59,0.73,0.86,-0.47,0.66,0.74,1,0.52,,0.84,0.36,0.75,0.82
App Color (PCU),ACLVYB,,,0.41,0.34,-0.03,0.8,0.1,-1,0.09,,,,,0.58,0.52,1,0.85,,0.32,,0.78
App Color (PCU),ACMOWB,,,0.73,0.87,0.04,1,-1,-1,-0.37,,,,,0.89,,0.85,1,,0.46,,0.8
App Color (PCU),ACMRSL,0.54,0.55,,,0.22,,,,0.83,0.37,0.63,-0.45,0.13,,0.84,,,1,0.29,0.4,0.13
App Color (PCU),ACOTRC,0.81,0.24,-0.06,0.63,0.41,0.86,-0.24,-1,0.13,-0.2,0.66,-0.2,0.62,0.16,0.36,0.32,0.46,0.29,1,0.46,0.08
App Color (PCU),ACSGTB,0.39,0.09,,,0.85,,,,0.55,0,0.26,-0.33,0.67,,0.75,,,0.4,0.46,1,0.06
App Color (PCU),ACSTNL,-0.25,0.7,0.32,0.13,0.4,0.46,-0.02,-1,0.32,0.03,-0.12,-1,-0.81,0.54,0.82,0.78,0.8,0.13,0.08,0.06,1
DOC (mg/L),ACABIN,1,0.86,,,-0.61,,,,0,-0.32,0.94,1,-0.24,,,,,0.9,0.54,0.07,0.2
DOC (mg/L),ACBRKB,0.86,1,,,-0.66,,,,0.49,0.21,0.98,1,0.29,,,,,0.59,0.8,0.56,-0.01
DOC (mg/L),ACBRWN,,,1,-1,1,0.47,0.57,,0.66,,,,,0.29,0.99,0.69,,,0.4,,0.83
DOC (mg/L),ACBUBO,,,-1,1,-1,1,1,,1,,,,,1,1,1,,,1,,1
DOC (mg/L),ACCADS,-0.61,-0.66,1,-1,1,0.46,0.55,,0.03,-0.08,-0.59,-1,-0.09,0.27,0.99,0.68,,-0.29,-0.05,-0.46,0.78
DOC (mg/L),ACDKLI,,,0.47,1,0.46,1,0.77,,0.87,,,,,0.94,0.56,0.91,,,0.99,,0.82
DOC (mg/L),ACDUCK,,,0.57,1,0.55,0.77,1,,0.49,,,,,0.85,0.61,0.59,,,0.65,,0.58
DOC (mg/L),ACEGLO,,,,,,,,,,,,,,,,,,,,,
DOC (mg/L),ACHADB,0,0.49,0.66,1,0.03,0.87,0.49,,1,0.93,0.3,-1,0.93,0.65,0.73,0.99,,-0.41,0.76,1,0.17
DOC (mg/L),ACHNTR,-0.32,0.21,,,-0.08,,,,0.93,1,0.01,-1,0.99,,,,,-0.65,0.47,0.91,-0.43
DOC (mg/L),ACHTHB,0.94,0.98,,,-0.59,,,,0.3,0.01,1,1,0.1,,,,,0.74,0.68,0.37,0.16
DOC (mg/L),ACJRDO,1,1,,,-1,,,,-1,-1,1,1,-1,,,,,1,1,-1,-1
DOC (mg/L),ACKEBO,-0.24,0.29,,,-0.09,,,,0.93,0.99,0.1,-1,1,,,,,-0.57,0.5,0.92,-0.37
DOC (mg/L),ACLKWO,,,0.29,1,0.27,0.94,0.85,,0.65,,,,,1,0.38,0.72,,,0.9,,0.6
DOC (mg/L),ACLSIE,,,0.99,1,0.99,0.56,0.61,,0.73,,,,,0.38,1,0.76,,,0.49,,0.88
DOC (mg/L),ACLVYB,,,0.69,1,0.68,0.91,0.59,,0.99,,,,,0.72,0.76,1,,,0.92,,0.97
DOC (mg/L),ACMOWB,,,,,,,,,,,,,,,,,,,,,
DOC (mg/L),ACMRSL,0.9,0.59,,,-0.29,,,,-0.41,-0.65,0.74,1,-0.57,,,,,1,0.12,-0.34,0.52
DOC (mg/L),ACOTRC,0.54,0.8,0.4,1,-0.05,0.99,0.65,,0.76,0.47,0.68,1,0.5,0.9,0.49,0.92,,0.12,1,0.8,0.33
DOC (mg/L),ACSGTB,0.07,0.56,,,-0.46,,,,1,0.91,0.37,-1,0.92,,,,,-0.34,0.8,1,-0.53
DOC (mg/L),ACSTNL,0.2,-0.01,0.83,1,0.78,0.82,0.58,,0.17,-0.43,0.16,-1,-0.37,0.6,0.88,0.97,,0.52,0.33,-0.53,1
TP (ug/L),ACABIN,1,0.23,,,0.31,,,,0.39,0.33,0.82,-0.61,-0.02,,0.4,,,0.7,0.85,0.75,0.43
TP (ug/L),ACBRKB,0.23,1,,,0.33,,,,0.65,0.53,0.23,-0.24,-0.56,,0.61,,,0.2,0.35,0.12,0.95
TP (ug/L),ACBRWN,,,1,0.64,0.15,0.64,0.21,-1,0.51,,,,,-0.65,0.74,0.35,0.4,,0.25,,-0.58
TP (ug/L),ACBUBO,,,0.64,1,0.97,-0.36,0.49,-1,0.81,,,,,-0.21,0.35,0.84,0.93,,0.79,,-0.03
TP (ug/L),ACCADS,0.31,0.33,0.15,0.97,1,-0.42,0.2,-1,0.76,0.54,0.7,-0.4,0.46,0.14,-0.08,0.78,1,0.67,0.74,0.56,-0.01
TP (ug/L),ACDKLI,,,0.64,-0.36,-0.42,1,0.19,,0.53,,,,,-0.54,0.75,0.49,1,,0.71,,-0.03
TP (ug/L),ACDUCK,,,0.21,0.49,0.2,0.19,1,,0.62,,,,,-0.35,0.08,0.68,1,,0.25,,-0.02
TP (ug/L),ACEGLO,,,-1,-1,-1,,,1,-1,,,,,-1,,-1,-1,,-1,,-1
TP (ug/L),ACHADB,0.39,0.65,0.51,0.81,0.76,0.53,0.62,-1,1,0.63,0.67,-0.42,0.24,-0.08,0.52,0.94,0.99,0.65,0.82,0.51,0.15
TP (ug/L),ACHNTR,0.33,0.53,,,0.54,,,,0.63,1,0.38,-0.73,-0.2,,0.26,,,0.23,0.64,0.02,-0.25
TP (ug/L),ACHTHB,0.82,0.23,,,0.7,,,,0.67,0.38,1,-0.46,0.29,,0.72,,,0.71,0.84,0.75,0.1
TP (ug/L),ACJRDO,-0.61,-0.24,,,-0.4,,,,-0.42,-0.73,-0.46,1,-0.34,,0.44,,,-0.22,-0.78,-0.07,-1
TP (ug/L),ACKEBO,-0.02,-0.56,,,0.46,,,,0.24,-0.2,0.29,-0.34,1,,-0.16,,,0.52,0.15,0.41,-0.9
TP (ug/L),ACLKWO,,,-0.65,-0.21,0.14,-0.54,-0.35,-1,-0.08,,,,,1,-0.67,-0.2,0.84,,-0.05,,0.37
TP (ug/L),ACLSIE,0.4,0.61,0.74,0.35,-0.08,0.75,0.08,,0.52,0.26,0.72,0.44,-0.16,-0.67,1,0.65,,0.54,0.69,0.76,-0.1
TP (ug/L),ACLVYB,,,0.35,0.84,0.78,0.49,0.68,-1,0.94,,,,,-0.2,0.65,1,1,,0.92,,0.26
TP (ug/L),ACMOWB,,,0.4,0.93,1,1,1,-1,0.99,,,,,0.84,,1,1,,0.97,,0.82
TP (ug/L),ACMRSL,0.7,0.2,,,0.67,,,,0.65,0.23,0.71,-0.22,0.52,,0.54,,,1,0.73,0.95,0.29
TP (ug/L),ACOTRC,0.85,0.35,0.25,0.79,0.74,0.71,0.25,-1,0.82,0.64,0.84,-0.78,0.15,-0.05,0.69,0.92,0.97,0.73,1,0.67,0.41
TP (ug/L),ACSGTB,0.75,0.12,,,0.56,,,,0.51,0.02,0.75,-0.07,0.41,,0.76,,,0.95,0.67,1,0.38
TP (ug/L),ACSTNL,0.43,0.95,-0.58,-0.03,-0.01,-0.03,-0.02,-1,0.15,-0.25,0.1,-1,-0.9,0.37,-0.1,0.26,0.82,0.29,0.41,0.38,1
TN (mg/L),ACABIN,1,0.56,,,,,,,-0.5,0.46,0.82,-0.16,,,-0.99,,,0.52,-0.12,-0.17,0.51
TN (mg/L),ACBRKB,0.56,1,,,,,,,0.51,0.41,0.65,0.14,,,-0.52,,,0.23,0.87,0.44,0.89
TN (mg/L),ACBRWN,,,1,,-1,1,-1,,1,,,,,1,-1,1,,,1,,-1
TN (mg/L),ACBUBO,,,,1,,-0.36,-1,,-0.4,,,,,-0.77,0.32,-0.06,0.64,,,,-0.35
TN (mg/L),ACCADS,,,-1,,1,-1,1,,0.74,,,,,-1,1,-1,,,0.18,,1
TN (mg/L),ACDKLI,,,1,-0.36,-1,1,-0.36,,0.01,,,,,0.4,0.39,0.72,,,-0.5,,0.71
TN (mg/L),ACDUCK,,,-1,-1,1,-0.36,1,,0.74,,,,,0.61,0.75,0.85,,,0.74,,0.93
TN (mg/L),ACEGLO,,,,,,,,,,,,,,,,,,,,,
TN (mg/L),ACHADB,-0.5,0.51,1,-0.4,0.74,0.01,0.74,,1,0.09,0.35,1,,0.87,0.18,0.37,,-0.19,0.46,0.64,0.19
TN (mg/L),ACHNTR,0.46,0.41,,,,,,,0.09,1,0.65,0.94,,,-1,,,0.91,0.8,0.76,-1
TN (mg/L),ACHTHB,0.82,0.65,,,,,,,0.35,0.65,1,0.45,,,-0.2,,,0.56,0.99,0.28,0.59
TN (mg/L),ACJRDO,-0.16,0.14,,,,,,,1,0.94,0.45,1,,,-0.83,,,-0.11,0.97,0.7,
TN (mg/L),ACKEBO,,,,,,,,,,,,,,,,,,,,,
TN (mg/L),ACLKWO,,,1,-0.77,-1,0.4,0.61,,0.87,,,,,1,0.33,0.66,1,,0.52,,0.43
TN (mg/L),ACLSIE,-0.99,-0.52,-1,0.32,1,0.39,0.75,,0.18,-1,-0.2,-0.83,,0.33,1,0.72,,0.81,0.39,0.55,0.7
TN (mg/L),ACLVYB,,,1,-0.06,-1,0.72,0.85,,0.37,,,,,0.66,0.72,1,-0.19,,0.65,,0.64
TN (mg/L),ACMOWB,,,,0.64,,,,,,,,,,1,,-0.19,1,,,,0.48
TN (mg/L),ACMRSL,0.52,0.23,,,,,,,-0.19,0.91,0.56,-0.11,,,0.81,,,1,0.5,0.48,-0.21
TN (mg/L),ACOTRC,-0.12,0.87,1,,0.18,-0.5,0.74,,0.46,0.8,0.99,0.97,,0.52,0.39,0.65,,0.5,1,0.97,0.22
TN (mg/L),ACSGTB,-0.17,0.44,,,,,,,0.64,0.76,0.28,0.7,,,0.55,,,0.48,0.97,1,0.55
TN (mg/L),ACSTNL,0.51,0.89,-1,-0.35,1,0.71,0.93,,0.19,-1,0.59,,,0.43,0.7,0.64,0.48,-0.21,0.22,0.55,1
NO3 (mg/L),ACABIN,,,,,,,,,,,,,,,,,,,,,
NO3 (mg/L),ACBRKB,,1,,,,,,,-0.63,1,,,-1,,,,,-0.65,1,-0.63,0.15
NO3 (mg/L),ACBRWN,,,1,,,,,,1,,,,,1,1,,,,1,,1
NO3 (mg/L),ACBUBO,,,,,,,,,,,,,,,,,,,,,
NO3 (mg/L),ACCADS,,,,,,,,,,,,,,,,,,,,,
NO3 (mg/L),ACDKLI,,,,,,1,-1,,-1,,,,,-1,,,,,-1,,-1
NO3 (mg/L),ACDUCK,,,,,,-1,1,,1,,,,,1,,,,,1,,1
NO3 (mg/L),ACEGLO,,,,,,,,,,,,,,,,,,,,,
NO3 (mg/L),ACHADB,,-0.63,1,,,-1,1,,1,-1,,,1,0.91,1,,,-0.35,0.87,-0.22,0.66
NO3 (mg/L),ACHNTR,,1,,,,,,,-1,1,,,-1,,,,,1,1,1,-1
NO3 (mg/L),ACHTHB,,,,,,,,,,,,,,,,,,,,,
NO3 (mg/L),ACJRDO,,,,,,,,,,,,,,,,,,,,,
NO3 (mg/L),ACKEBO,,-1,,,,,,,1,-1,,,1,,,,,-1,-1,-1,1
NO3 (mg/L),ACLKWO,,,1,,,-1,1,,0.91,,,,,1,1,,,,0.97,,0.96
NO3 (mg/L),ACLSIE,,,1,,,,,,1,,,,,1,1,,,,1,,1
NO3 (mg/L),ACLVYB,,,,,,,,,,,,,,,,,,,,,
NO3 (mg/L),ACMOWB,,,,,,,,,,,,,,,,,,,,,
NO3 (mg/L),ACMRSL,,-0.65,,,,,,,-0.35,1,,,-1,,,,,1,1,1,-0.9
NO3 (mg/L),ACOTRC,,1,1,,,-1,1,,0.87,1,,,-1,0.97,1,,,1,1,1,0.65
NO3 (mg/L),ACSGTB,,-0.63,,,,,,,-0.22,1,,,-1,,,,,1,1,1,-0.87
NO3 (mg/L),ACSTNL,,0.15,1,,,-1,1,,0.66,-1,,,1,0.96,1,,,-0.9,0.65,-0.87,1
NO2 (mg/L),ACABIN,,,,,,,,,,,,,,,,,,,,,
NO2 (mg/L),ACBRKB,,,,,,,,,,,,,,,,,,,,,
NO2 (mg/L),ACBRWN,,,,,,,,,,,,,,,,,,,,,
NO2 (mg/L),ACBUBO,,,,,,,,,,,,,,,,,,,,,
NO2 (mg/L),ACCADS,,,,,,,,,,,,,,,,,,,,,
NO2 (mg/L),ACDKLI,,,,,,,,,,,,,,,,,,,,,
NO2 (mg/L),ACDUCK,,,,,,,,,,,,,,,,,,,,,
NO2 (mg/L),ACEGLO,,,,,,,,,,,,,,,,,,,,,
NO2 (mg/L),ACHADB,,,,,,,,,,,,,,,,,,,,,
NO2 (mg/L),ACHNTR,,,,,,,,,,,,,,,,,,,,,
NO2 (mg/L),ACHTHB,,,,,,,,,,,,,,,,,,,,,
NO2 (mg/L),ACJRDO,,,,,,,,,,,,,,,,,,,,,
NO2 (mg/L),ACKEBO,,,,,,,,,,,,,,,,,,,,,
NO2 (mg/L),ACLKWO,,,,,,,,,,,,,,,,,,,,,
NO2 (mg/L),ACLSIE,,,,,,,,,,,,,,,,,,,,,
NO2 (mg/L),ACLVYB,,,,,,,,,,,,,,,,1,,,,,
NO2 (mg/L),ACMOWB,,,,,,,,,,,,,,,,,,,,,
NO2 (mg/L),ACMRSL,,,,,,,,,,,,,,,,,,,,,
NO2 (mg/L),ACOTRC,,,,,,,,,,,,,,,,,,,,,
NO2 (mg/L),ACSGTB,,,,,,,,,,,,,,,,,,,,,
NO2 (mg/L),ACSTNL,,,,,,,,,,,,,,,,,,,,,1
NH3 (mg/L),ACABIN,1,1,,,,,,,,0.62,-1,1,-1,,,,,0.15,-1,-1,
NH3 (mg/L),ACBRKB,1,1,,,,,,,,1,,,,,,,,1,,,
NH3 (mg/L),ACBRWN,,,,,,,,,,,,,,,,,,,,,
NH3 (mg/L),ACBUBO,,,,,,,,,,,,,,,,,,,,,
NH3 (mg/L),ACCADS,,,,,1,,,,0.85,,,,,,,,,,1,,1
NH3 (mg/L),ACDKLI,,,,,,1,1,,1,,,,,,,,,,,,1
NH3 (mg/L),ACDUCK,,,,,,1,1,,1,,,,,,,,,,,,1
NH3 (mg/L),ACEGLO,,,,,,,,,,,,,,,,,,,,,
NH3 (mg/L),ACHADB,,,,,0.85,1,1,,1,,,,,,,,,,-0.21,,0.48
NH3 (mg/L),ACHNTR,0.62,1,,,,,,,,1,1,1,1,,,,,0.87,1,1,
NH3 (mg/L),ACHTHB,-1,,,,,,,,,1,1,,1,,,,,1,1,1,
NH3 (mg/L),ACJRDO,1,,,,,,,,,1,,1,,,,,,,,,
NH3 (mg/L),ACKEBO,-1,,,,,,,,,1,1,,1,,,,,1,1,1,
NH3 (mg/L),ACLKWO,,,,,,,,,,,,,,,,,,,,,
NH3 (mg/L),ACLSIE,,,,,,,,,,,,,,,1,,,,1,,
NH3 (mg/L),ACLVYB,,,,,,,,,,,,,,,,,,,,,
NH3 (mg/L),ACMOWB,,,,,,,,,,,,,,,,,,,,,
NH3 (mg/L),ACMRSL,0.15,1,,,,,,,,0.87,1,,1,,,,,1,1,1,
NH3 (mg/L),ACOTRC,-1,,,,1,,,,-0.21,1,1,,1,,1,,,1,1,1,0.76
NH3 (mg/L),ACSGTB,-1,,,,,,,,,1,1,,1,,,,,1,1,1,
NH3 (mg/L),ACSTNL,,,,,1,1,1,,0.48,,,,,,,,,,0.76,,1
NO3_ueq/L,ACABIN,,,,,,,,,,,,,,,,,,,,,
NO3_ueq/L,ACBRKB,,1,,,,,,,-0.63,1,,,-1,,,,,-0.64,1,-0.63,0.15
NO3_ueq/L,ACBRWN,,,1,,,,,,1,,,,,1,1,,,,1,,1
NO3_ueq/L,ACBUBO,,,,,,,,,,,,,,,,,,,,,
NO3_ueq/L,ACCADS,,,,,,,,,,,,,,,,,,,,,
NO3_ueq/L,ACDKLI,,,,,,1,-1,,-1,,,,,-1,,,,,-1,,-1
NO3_ueq/L,ACDUCK,,,,,,-1,1,,1,,,,,1,,,,,1,,1
NO3_ueq/L,ACEGLO,,,,,,,,,,,,,,,,,,,,,
NO3_ueq/L,ACHADB,,-0.63,1,,,-1,1,,1,-1,,,1,0.91,1,,,-0.36,0.87,-0.22,0.66
NO3_ueq/L,ACHNTR,,1,,,,,,,-1,1,,,-1,,,,,1,1,1,-1
NO3_ueq/L,ACHTHB,,,,,,,,,,,,,,,,,,,,,
NO3_ueq/L,ACJRDO,,,,,,,,,,,,,,,,,,,,,
NO3_ueq/L,ACKEBO,,-1,,,,,,,1,-1,,,1,,,,,-1,-1,-1,1
NO3_ueq/L,ACLKWO,,,1,,,-1,1,,0.91,,,,,1,1,,,,0.97,,0.96
NO3_ueq/L,ACLSIE,,,1,,,,,,1,,,,,1,1,,,,1,,1
NO3_ueq/L,ACLVYB,,,,,,,,,,,,,,,,,,,,,
NO3_ueq/L,ACMOWB,,,,,,,,,,,,,,,,,,,,,
NO3_ueq/L,ACMRSL,,-0.64,,,,,,,-0.36,1,,,-1,,,,,1,1,1,-0.9
NO3_ueq/L,ACOTRC,,1,1,,,-1,1,,0.87,1,,,-1,0.97,1,,,1,1,1,0.65
NO3_ueq/L,ACSGTB,,-0.63,,,,,,,-0.22,1,,,-1,,,,,1,1,1,-0.87
NO3_ueq/L,ACSTNL,,0.15,1,,,-1,1,,0.66,-1,,,1,0.96,1,,,-0.9,0.65,-0.87,1
Cl (ueqL),ACABIN,1,-0.1,,,0.81,,,,-0.34,0.76,0.62,-1,0.81,,,,,0.83,0.38,0.87,-0.1
Cl (ueqL),ACBRKB,-0.1,1,,,-0.24,,,,-0.82,-0.71,-0.73,1,-0.53,,,,,0.08,-0.94,-0.23,0.4
Cl (ueqL),ACBRWN,,,1,1,0.18,-0.37,-0.44,,0.2,,,,,-0.57,0.91,-0.35,,,0.22,,0.52
Cl (ueqL),ACBUBO,,,1,1,1,1,1,,1,,,,,1,1,1,,,1,,1
Cl (ueqL),ACCADS,0.81,-0.24,0.18,1,1,0.48,0.79,,0.52,0.64,0.38,-1,0.94,0.38,0.32,0.34,,0.35,0.63,0.46,0.81
Cl (ueqL),ACDKLI,,,-0.37,1,0.48,1,0.79,,0.83,,,,,0.98,-0.53,0.99,,,0.82,,0.01
Cl (ueqL),ACDUCK,,,-0.44,1,0.79,0.79,1,,0.6,,,,,0.8,-0.33,0.67,,,0.59,,0.42
Cl (ueqL),ACEGLO,,,,,,,,,,,,,,,,,,,,,
Cl (ueqL),ACHADB,-0.34,-0.82,0.2,1,0.52,0.83,0.6,,1,0.24,0.21,1,0.26,0.69,-0.01,0.82,,-0.62,0.84,-0.35,0.31
Cl (ueqL),ACHNTR,0.76,-0.71,,,0.64,,,,0.24,1,0.95,-1,0.85,,,,,0.61,0.89,0.82,-0.46
Cl (ueqL),ACHTHB,0.62,-0.73,,,0.38,,,,0.21,0.95,1,-1,0.65,,,,,0.63,0.92,0.83,-0.7
Cl (ueqL),ACJRDO,-1,1,,,-1,,,,1,-1,-1,1,-1,,,,,-1,-1,-1,1
Cl (ueqL),ACKEBO,0.81,-0.53,,,0.94,,,,0.26,0.85,0.65,-1,1,,,,,0.41,0.65,0.59,0.09
Cl (ueqL),ACLKWO,,,-0.57,1,0.38,0.98,0.8,,0.69,,,,,1,-0.69,0.96,,,0.68,,-0.12
Cl (ueqL),ACLSIE,,,0.91,1,0.32,-0.53,-0.33,,-0.01,,,,,-0.69,1,-0.58,,,0.01,,0.72
Cl (ueqL),ACLVYB,,,-0.35,1,0.34,0.99,0.67,,0.82,,,,,0.96,-0.58,1,,,0.81,,-0.12
Cl (ueqL),ACMOWB,,,,,,,,,,,,,,,,,,,,,
Cl (ueqL),ACMRSL,0.83,0.08,,,0.35,,,,-0.62,0.61,0.63,-1,0.41,,,,,1,0.27,0.95,-0.51
Cl (ueqL),ACOTRC,0.38,-0.94,0.22,1,0.63,0.82,0.59,,0.84,0.89,0.92,-1,0.65,0.68,0.01,0.81,,0.27,1,0.54,0.37
Cl (ueqL),ACSGTB,0.87,-0.23,,,0.46,,,,-0.35,0.82,0.83,-1,0.59,,,,,0.95,0.54,1,-0.58
Cl (ueqL),ACSTNL,-0.1,0.4,0.52,1,0.81,0.01,0.42,,0.31,-0.46,-0.7,1,0.09,-0.12,0.72,-0.12,,-0.51,0.37,-0.58,1
SO4 (ueqL),ACABIN,1,0.86,,,0.57,,,,0.81,0.39,0.55,1,0.94,,,,,0.69,0.83,0.23,0.32
SO4 (ueqL),ACBRKB,0.86,1,,,0.9,,,,0.4,-0.14,0.77,1,0.66,,,,,0.23,1,0.67,-0.21
SO4 (ueqL),ACBRWN,,,1,,0.68,-0.1,0.93,,0.88,,,,,0.58,0.15,0.14,,,0.27,,0.29
SO4 (ueqL),ACBUBO,,,,,,,,,,,,,,,,,,,,,
SO4 (ueqL),ACCADS,0.57,0.9,0.68,,1,0.78,0.61,,-0.04,-0.52,0.67,1,0.33,0.96,-0.45,0.27,,-0.13,0.92,0.82,-0.11
SO4 (ueqL),ACDKLI,,,-0.1,,0.78,1,-0.01,,-0.59,,,,,0.78,-0.2,0.56,,,0.95,,0.46
SO4 (ueqL),ACDUCK,,,0.93,,0.61,-0.01,1,,0.65,,,,,0.59,-0.6,-0.39,,,0.29,,-0.31
SO4 (ueqL),ACEGLO,,,,,,,,,,,,,,,,,,,,,
SO4 (ueqL),ACHADB,0.81,0.4,0.88,,-0.04,-0.59,0.65,,1,0.85,0.14,-1,0.93,-0.16,0.11,-0.22,,0.96,0.13,-0.35,0.42
SO4 (ueqL),ACHNTR,0.39,-0.14,,,-0.52,,,,0.85,1,-0.3,-1,0.63,,,,,0.91,-0.19,-0.76,1
SO4 (ueqL),ACHTHB,0.55,0.77,,,0.67,,,,0.14,-0.3,1,1,0.25,,,,,-0.14,0.81,0.84,-0.38
SO4 (ueqL),ACJRDO,1,1,,,1,,,,-1,-1,1,1,-1,,,,,-1,1,1,-1
SO4 (ueqL),ACKEBO,0.94,0.66,,,0.33,,,,0.93,0.63,0.25,-1,1,,,,,0.89,0.6,-0.11,0.58
SO4 (ueqL),ACLKWO,,,0.58,,0.96,0.78,0.59,,-0.16,,,,,1,-0.66,0.07,,,0.9,,0.01
SO4 (ueqL),ACLSIE,,,0.15,,-0.45,-0.2,-0.6,,0.11,,,,,-0.66,1,0.68,,,-0.3,,0.74
SO4 (ueqL),ACLVYB,,,0.14,,0.27,0.56,-0.39,,-0.22,,,,,0.07,0.68,1,,,0.49,,0.99
SO4 (ueqL),ACMOWB,,,,,,,,,,,,,,,,,,,,,
SO4 (ueqL),ACMRSL,0.69,0.23,,,-0.13,,,,0.96,0.91,-0.14,-1,0.89,,,,,1,0.16,-0.55,0.89
SO4 (ueqL),ACOTRC,0.83,1,0.27,,0.92,0.95,0.29,,0.13,-0.19,0.81,1,0.6,0.9,-0.3,0.49,,0.16,1,0.73,0.1
SO4 (ueqL),ACSGTB,0.23,0.67,,,0.82,,,,-0.35,-0.76,0.84,1,-0.11,,,,,-0.55,0.73,1,-0.81
SO4 (ueqL),ACSTNL,0.32,-0.21,0.29,,-0.11,0.46,-0.31,,0.42,1,-0.38,-1,0.58,0.01,0.74,0.99,,0.89,0.1,-0.81,1
