"Project","Park","NETNCode","Site","Date","LabCode","SampleTime","SampleDepth_m","pH_Lab","ANC_ueqL","AppColor_PCU","AppColorFlag","DOC_mgL","DOCFlag","TP_ugL","TPFlag","TN_mgL","TNFlag","NO2_mgL","NO2Flag","NH3_mgL","NH3Flag","NO3_ueqL","NO3Flag","SO4_ueqL","SO4Flag","Cl_ueqL","ClFlag","SEC2016","month","year","mon_year","Date","Sample Time","Stream_Lake Temp","Test Time","Bottle Temp","NH3-N mg/l","NH3 mg/l","PO4mg/L","PO4ug/L","NO2-Nug/l(meter)","NO2 ug/l(meter)","NO2 mg/l(meter)","NO3(strip)","Cl mg/L (meter)","Cl <U+00B5>eq/L (meter)","Cl quantab units (strip)","Cl mg/L (strip)","Cl ueq/L (strip)","Rain Event","QA/QC Notes","month","year"
"NETNStream","ACAD","ACBRWN","Browns Brook",2017-05-03,"SWRL",1899-12-31 14:40:00,0.3,6.61,25.70484,10.549,NA,2.045,NA,2,NA,0.053,NA,NA,"<MRL 0.001",0.0055,NA,NA,"<MRL 1",55.2913541666667,NA,780.512391304348,NA,"ACBRWN_20170503","05","2017","052017",NA,NA,NA,NA,NA,NA,NA,NA,NA,NA,NA,NA,NA,NA,NA,NA,NA,NA,NA,NA,NA,NA
"NETNStream","ACAD","ACBRWN","Browns Brook",2017-06-08,NA,NA,NA,NA,NA,NA,NA,NA,NA,NA,NA,NA,NA,NA,NA,NA,NA,NA,NA,NA,NA,NA,NA,"ACBRWN_20170608","06","2017","062017",NA,NA,NA,NA,NA,NA,NA,NA,NA,NA,NA,NA,NA,NA,NA,NA,NA,NA,NA,NA,NA,NA
"NETNStream","ACAD","ACBRWN","Browns Brook",2017-07-06,NA,NA,NA,NA,NA,NA,NA,NA,NA,NA,NA,NA,NA,NA,NA,NA,NA,NA,NA,NA,NA,NA,NA,"ACBRWN_20170706","07","2017","072017",2017-07-06,"13:45",16.5,"15:00",19,0.02,0.024,NA,NA,NA,NA,NA,NA,20,564.2,1.6,39,1100.19,NA,NA,"07","2017"
"NETNStream","ACAD","ACBRWN","Browns Brook",2017-08-03,"SWRL",1899-12-31 11:40:00,0.2,6.904,116.9906,3.288,NA,0.851,NA,2.4,NA,NA,NA,NA,"<MRL 0.001",NA,"<MRL 0.005",NA,"<MRL 1",70.5875,NA,1268.98285714286,NA,"ACBRWN_20170803","08","2017","082017",NA,NA,NA,NA,NA,NA,NA,NA,NA,NA,NA,NA,NA,NA,NA,NA,NA,NA,NA,NA,NA,NA
"NETNStream","ACAD","ACBRWN","Browns Brook",2017-09-13,NA,NA,NA,NA,NA,NA,NA,NA,NA,NA,NA,NA,NA,NA,NA,NA,NA,NA,NA,NA,NA,NA,NA,"ACBRWN_20170913","09","2017","092017",NA,NA,NA,NA,NA,NA,NA,NA,NA,NA,NA,NA,NA,NA,NA,NA,NA,NA,NA,NA,NA,NA
"NETNStream","ACAD","ACBRWN","Browns Brook",2017-09-13,NA,NA,NA,NA,NA,NA,NA,NA,NA,NA,NA,NA,NA,NA,NA,NA,NA,NA,NA,NA,NA,NA,NA,"ACBRWN_20170913","09","2017","092017",NA,NA,NA,NA,NA,NA,NA,NA,NA,NA,NA,NA,NA,NA,NA,NA,NA,NA,NA,NA,NA,NA
"NETNStream","ACAD","ACCADS","Cadillac Stream",2017-05-17,"SWRL",1899-12-31 10:10:00,0.25,6.334,37.316,8.956,NA,2.386,NA,1.3,NA,0.042,NA,NA,"<MRL 0.001",NA,"<MRL 0.005",NA,"<MRL 1",42.6892708333333,NA,61.1701428571429,NA,"ACCADS_20170517","05","2017","052017",NA,NA,NA,NA,NA,NA,NA,NA,NA,NA,NA,NA,NA,NA,NA,NA,NA,NA,NA,NA,NA,NA
"NETNStream","ACAD","ACCADS","Cadillac Stream",2017-06-05,NA,NA,NA,NA,NA,NA,NA,NA,NA,NA,NA,NA,NA,NA,NA,NA,NA,NA,NA,NA,NA,NA,NA,"ACCADS_20170605","06","2017","062017",NA,NA,NA,NA,NA,NA,NA,NA,NA,NA,NA,NA,NA,NA,NA,NA,NA,NA,NA,NA,NA,NA
"NETNStream","ACAD","ACCADS","Cadillac Stream",2017-07-07,NA,NA,NA,NA,NA,NA,NA,NA,NA,NA,NA,NA,NA,NA,NA,NA,NA,NA,NA,NA,NA,NA,NA,"ACCADS_20170707","07","2017","072017",NA,NA,NA,NA,NA,NA,NA,NA,NA,NA,NA,NA,NA,NA,NA,NA,NA,NA,NA,NA,NA,NA
"NETNStream","ACAD","ACCADS","Cadillac Stream",2017-08-09,"SWRL",1899-12-31 14:15:00,0.2,6.525,154.6938,3.635,NA,0.8475,NA,5.9,NA,NA,NA,NA,"<MRL 0.001",NA,"<MRL 0.005",NA,"<MRL 1",16.5979166666667,NA,135.002857142857,NA,"ACCADS_20170809","08","2017","082017",NA,NA,NA,NA,NA,NA,NA,NA,NA,NA,NA,NA,NA,NA,NA,NA,NA,NA,NA,NA,NA,NA
"NETNStream","ACAD","ACCADS","Cadillac Stream",2017-09-15,NA,NA,NA,NA,NA,NA,NA,NA,NA,NA,NA,NA,NA,NA,NA,NA,NA,NA,NA,NA,NA,NA,NA,"ACCADS_20170915","09","2017","092017",NA,NA,NA,NA,NA,NA,NA,NA,NA,NA,NA,NA,NA,NA,NA,NA,NA,NA,NA,NA,NA,NA
"NETNStream","ACAD","ACCADS","Cadillac Stream",2017-09-15,NA,NA,NA,NA,NA,NA,NA,NA,NA,NA,NA,NA,NA,NA,NA,NA,NA,NA,NA,NA,NA,NA,NA,"ACCADS_20170915","09","2017","092017",NA,NA,NA,NA,NA,NA,NA,NA,NA,NA,NA,NA,NA,NA,NA,NA,NA,NA,NA,NA,NA,NA
"NETNStream","ACAD","ACDUCK","Duck Brook- North of Rt. 233",2017-05-04,"SWRL",1899-12-31 12:40:00,0.32,6.683,59.76142,11.166,NA,1.865,NA,3.5,NA,0.094,NA,NA,"<MRL 0.001",NA,"<MRL 0.005",NA,"<MRL 1",37.9258333333333,NA,269.235652173913,NA,"ACDUCK_20170504","05","2017","052017",NA,NA,NA,NA,NA,NA,NA,NA,NA,NA,NA,NA,NA,NA,NA,NA,NA,NA,NA,NA,NA,NA
"NETNStream","ACAD","ACDUCK","Duck Brook- North of Rt. 233",2017-06-07,NA,NA,NA,NA,NA,NA,NA,NA,NA,NA,NA,NA,NA,NA,NA,NA,NA,NA,NA,NA,NA,NA,NA,"ACDUCK_20170607","06","2017","062017",NA,NA,NA,NA,NA,NA,NA,NA,NA,NA,NA,NA,NA,NA,NA,NA,NA,NA,NA,NA,NA,NA
"NETNStream","ACAD","ACDUCK","Duck Brook- North of Rt. 233",2017-07-10,NA,NA,NA,NA,NA,NA,NA,NA,NA,NA,NA,NA,NA,NA,NA,NA,NA,NA,NA,NA,NA,NA,NA,"ACDUCK_20170710","07","2017","072017",NA,NA,NA,NA,NA,NA,NA,NA,NA,NA,NA,NA,NA,NA,NA,NA,NA,NA,NA,NA,NA,NA
"NETNStream","ACAD","ACDUCK","Duck Brook- North of Rt. 233",2017-08-14,"SWRL",1899-12-31 12:30:00,0.2,6.758,73.64646,4.987,NA,1.535,NA,1.9,NA,NA,NA,NA,"<MRL 0.001",NA,"<MRL 0.005",NA,"<MRL 1",1.2821,NA,6.0826,NA,"ACDUCK_20170814","08","2017","082017",NA,NA,NA,NA,NA,NA,NA,NA,NA,NA,NA,NA,NA,NA,NA,NA,NA,NA,NA,NA,NA,NA
"NETNStream","ACAD","ACDUCK","Duck Brook- North of Rt. 233",2017-09-13,NA,NA,NA,NA,NA,NA,NA,NA,NA,NA,NA,NA,NA,NA,NA,NA,NA,NA,NA,NA,NA,NA,NA,"ACDUCK_20170913","09","2017","092017",NA,NA,NA,NA,NA,NA,NA,NA,NA,NA,NA,NA,NA,NA,NA,NA,NA,NA,NA,NA,NA,NA
"NETNStream","ACAD","ACDKLI","Duck Pond Brook-inlet to Long Pond",2017-05-09,"SWRL",1899-12-31 09:35:00,0.2,4.984,0.754758,51.275,NA,7.638,NA,4,NA,0.132,NA,NA,"<MRL 0.001",0.00691,NA,NA,"<MRL 1",44.2584375,NA,127.650571428571,NA,"ACDKLI_20170509","05","2017","052017",NA,NA,NA,NA,NA,NA,NA,NA,NA,NA,NA,NA,NA,NA,NA,NA,NA,NA,NA,NA,NA,NA
"NETNStream","ACAD","ACDKLI","Duck Pond Brook-inlet to Long Pond",2017-06-08,NA,NA,NA,NA,NA,NA,NA,NA,NA,NA,NA,NA,NA,NA,NA,NA,NA,NA,NA,NA,NA,NA,NA,"ACDKLI_20170608","06","2017","062017",NA,NA,NA,NA,NA,NA,NA,NA,NA,NA,NA,NA,NA,NA,NA,NA,NA,NA,NA,NA,NA,NA
"NETNStream","ACAD","ACDKLI","Duck Pond Brook-inlet to Long Pond",2017-07-06,NA,NA,NA,NA,NA,NA,NA,NA,NA,NA,NA,NA,NA,NA,NA,NA,NA,NA,NA,NA,NA,NA,NA,"ACDKLI_20170706","07","2017","072017",2017-07-06,"13:00",16.5,"15:00",19,0.14,0.17,NA,NA,2,6.58,0.00658,NA,6.8,191.8,NA,NA,NA,NA,NA,"07","2017"
"NETNStream","ACAD","ACDKLI","Duck Pond Brook-inlet to Long Pond",2017-08-03,"SWRL",1899-12-31 09:45:00,0.2,6.384,61.85,74.485,NA,6.264,NA,8.2,NA,NA,NA,NA,"<MRL 0.001",0.0136,NA,NA,"<MRL 1",31.9354166666667,NA,121.551428571429,NA,"ACDKLI_20170803","08","2017","082017",2017-08-03,"9:45",17.2,"13:45",19.4,0.28,0.33992,NA,NA,NA,NA,NA,NA,10.2,287.742,NA,NA,NA,NA,NA,"08","2017"
"NETNStream","ACAD","ACDKLI","Duck Pond Brook-inlet to Long Pond",2017-09-11,NA,NA,NA,NA,NA,NA,NA,NA,NA,NA,NA,NA,NA,NA,NA,NA,NA,NA,NA,NA,NA,NA,NA,"ACDKLI_20170911","09","2017","092017",NA,NA,NA,NA,NA,NA,NA,NA,NA,NA,NA,NA,NA,NA,NA,NA,NA,NA,NA,NA,NA,NA
"NETNStream","ACAD","ACHADB","Hadlock Brook (Upper Hadlock Pond)",2017-05-10,"SWRL",1899-12-31 10:25:00,0.2,6.029,23.96287,14.106,NA,3.615,NA,2.1,NA,0.08,NA,NA,"<MRL 0.001",NA,"<MRL 0.005",NA,"<MRL 1",49.8990625,NA,112.319142857143,NA,"ACHADB_20170510","05","2017","052017",NA,NA,NA,NA,NA,NA,NA,NA,NA,NA,NA,NA,NA,NA,NA,NA,NA,NA,NA,NA,NA,NA
"NETNStream","ACAD","ACHADB","Hadlock Brook (Upper Hadlock Pond)",2017-06-15,NA,NA,NA,NA,NA,NA,NA,NA,NA,NA,NA,NA,NA,NA,NA,NA,NA,NA,NA,NA,NA,NA,NA,"ACHADB_20170615","06","2017","062017",NA,NA,NA,NA,NA,NA,NA,NA,NA,NA,NA,NA,NA,NA,NA,NA,NA,NA,NA,NA,NA,NA
"NETNStream","ACAD","ACHADB","Hadlock Brook (Upper Hadlock Pond)",2017-07-13,NA,NA,NA,NA,NA,NA,NA,NA,NA,NA,NA,NA,NA,NA,NA,NA,NA,NA,NA,NA,NA,NA,NA,"ACHADB_20170713","07","2017","072017",NA,NA,NA,NA,NA,NA,NA,NA,NA,NA,NA,NA,NA,NA,NA,NA,NA,NA,NA,NA,NA,NA
"NETNStream","ACAD","ACHADB","Hadlock Brook (Upper Hadlock Pond)",2017-08-02,"SWRL",1899-12-31 10:00:00,0.02,6.842,85.32837,7.545,NA,1.589,NA,2.4,NA,NA,NA,NA,"<MRL 0.001",0.00735,NA,NA,"<MRL 1",70.675,NA,141.391428571429,NA,"ACHADB_20170802","08","2017","082017",NA,NA,NA,NA,NA,NA,NA,NA,NA,NA,NA,NA,NA,NA,NA,NA,NA,NA,NA,NA,NA,NA
"NETNStream","ACAD","ACHADB","Hadlock Brook (Upper Hadlock Pond)",2017-09-13,NA,NA,NA,NA,NA,NA,NA,NA,NA,NA,NA,NA,NA,NA,NA,NA,NA,NA,NA,NA,NA,NA,NA,"ACHADB_20170913","09","2017","092017",NA,NA,NA,NA,NA,NA,NA,NA,NA,NA,NA,NA,NA,NA,NA,NA,NA,NA,NA,NA,NA,NA
"NETNStream","ACAD","ACHADB","Hadlock Brook (Upper Hadlock Pond)",2017-09-13,NA,NA,NA,NA,NA,NA,NA,NA,NA,NA,NA,NA,NA,NA,NA,NA,NA,NA,NA,NA,NA,NA,NA,"ACHADB_20170913","09","2017","092017",NA,NA,NA,NA,NA,NA,NA,NA,NA,NA,NA,NA,NA,NA,NA,NA,NA,NA,NA,NA,NA,NA
"NETNStream","ACAD","ACLKWO","Lake Wood Outlet",2017-05-04,"SWRL",1899-12-31 11:20:00,0.2,6.672,40.7307,16.52,NA,1.982,NA,4.8,NA,0.114,NA,NA,"<MRL 0.001",0.00861,NA,NA,"<MRL 1",37.5630208333333,NA,227.891086956522,NA,"ACLKWO_20170504","05","2017","052017",NA,NA,NA,NA,NA,NA,NA,NA,NA,NA,NA,NA,NA,NA,NA,NA,NA,NA,NA,NA,NA,NA
"NETNStream","ACAD","ACLKWO","Lake Wood Outlet",2017-06-07,NA,NA,NA,NA,NA,NA,NA,NA,NA,NA,NA,NA,NA,NA,NA,NA,NA,NA,NA,NA,NA,NA,NA,"ACLKWO_20170607","06","2017","062017",NA,NA,NA,NA,NA,NA,NA,NA,NA,NA,NA,NA,NA,NA,NA,NA,NA,NA,NA,NA,NA,NA
"NETNStream","ACAD","ACLKWO","Lake Wood Outlet",2017-07-11,NA,NA,NA,NA,NA,NA,NA,NA,NA,NA,NA,NA,NA,NA,NA,NA,NA,NA,NA,NA,NA,NA,NA,"ACLKWO_20170711","07","2017","072017",NA,NA,NA,NA,NA,NA,NA,NA,NA,NA,NA,NA,NA,NA,NA,NA,NA,NA,NA,NA,NA,NA
"NETNStream","ACAD","ACLKWO","Lake Wood Outlet",2017-08-10,"SWRL",1899-12-31 13:15:00,0.2,6.576,60.86543,14.054,NA,2.038,NA,6.1,NA,NA,NA,NA,"<MRL 0.001",NA,"<MRL 0.005",NA,"<MRL 1",24.8770833333333,NA,127.768571428571,NA,"ACLKWO_20170810","08","2017","082017",2017-08-10,"1315",20,"1523",20.68,0.07,0.085,NA,NA,NA,NA,NA,NA,13.8,388.75,NA,NA,NA,"N",NA,"08","2017"
"NETNStream","ACAD","ACLKWO","Lake Wood Outlet",2017-09-08,NA,NA,NA,NA,NA,NA,NA,NA,NA,NA,NA,NA,NA,NA,NA,NA,NA,NA,NA,NA,NA,NA,NA,"ACLKWO_20170908","09","2017","092017",NA,NA,NA,NA,NA,NA,NA,NA,NA,NA,NA,NA,NA,NA,NA,NA,NA,NA,NA,NA,NA,NA
"NETNStream","ACAD","ACLKWO","Lake Wood Outlet",2017-09-08,NA,NA,NA,NA,NA,NA,NA,NA,NA,NA,NA,NA,NA,NA,NA,NA,NA,NA,NA,NA,NA,NA,NA,"ACLKWO_20170908","09","2017","092017",NA,NA,NA,NA,NA,NA,NA,NA,NA,NA,NA,NA,NA,NA,NA,NA,NA,NA,NA,NA,NA,NA
"NETNStream","ACAD","ACLVYB","Lurvey Brook",2017-05-08,"SWRL",1899-12-31 12:00:00,0.3,4.598,-18.6174,89.388,NA,10.64,NA,5.9,NA,0.154,NA,0.0017,NA,0.0165,NA,NA,"<MRL 1",57.955,NA,165.409714285714,NA,"ACLVYB_20170508","05","2017","052017",NA,NA,NA,NA,NA,NA,NA,NA,NA,NA,NA,NA,NA,NA,NA,NA,NA,NA,NA,NA,NA,NA
"NETNStream","ACAD","ACLVYB","Lurvey Brook",2017-06-08,NA,NA,NA,NA,NA,NA,NA,NA,NA,NA,NA,NA,NA,NA,NA,NA,NA,NA,NA,NA,NA,NA,NA,"ACLVYB_20170608","06","2017","062017",NA,NA,NA,NA,NA,NA,NA,NA,NA,NA,NA,NA,NA,NA,NA,NA,NA,NA,NA,NA,NA,NA
"NETNStream","ACAD","ACLVYB","Lurvey Brook",2017-07-06,NA,NA,NA,NA,NA,NA,NA,NA,NA,NA,NA,NA,NA,NA,NA,NA,NA,NA,NA,NA,NA,NA,NA,"ACLVYB_20170706","07","2017","072017",2017-07-06,"11:40",15,"15:00",19,0.32,0.388,0.07,70,NA,NA,NA,NA,11.5,324.4,NA,NA,NA,NA,NA,"07","2017"
"NETNStream","ACAD","ACLVYB","Lurvey Brook",2017-08-03,"SWRL",1899-12-31 10:30:00,0.2,5.841,36.69,100.463,NA,6.228,NA,15.5,NA,NA,NA,0.0018,NA,0.0122,NA,NA,"<MRL 1",69.05,NA,202.277142857143,NA,"ACLVYB_20170803","08","2017","082017",NA,NA,NA,NA,NA,NA,NA,NA,NA,NA,NA,NA,NA,NA,NA,NA,NA,NA,NA,NA,NA,NA
"NETNStream","ACAD","ACLVYB","Lurvey Brook",2017-09-07,NA,NA,NA,NA,NA,NA,NA,NA,NA,NA,NA,NA,NA,NA,NA,NA,NA,NA,NA,NA,NA,NA,NA,"ACLVYB_20170907","09","2017","092017",NA,NA,NA,NA,NA,NA,NA,NA,NA,NA,NA,NA,NA,NA,NA,NA,NA,NA,NA,NA,NA,NA
"NETNStream","ACAD","ACLSIE","Lurvey Spring Brook (Echo Lake inlet)",2017-05-08,"SWRL",1899-12-31 10:50:00,0.2,5.678,24.5861,47,NA,6.932,NA,3.8,NA,0.104,NA,NA,"<MRL 0.001",0.0079,NA,NA,"<MRL 1",59.4272916666667,NA,269.472857142857,NA,"ACLSIE_20170508","05","2017","052017",NA,NA,NA,NA,NA,NA,NA,NA,NA,NA,NA,NA,NA,NA,NA,NA,NA,NA,NA,NA,NA,NA
"NETNStream","ACAD","ACLSIE","Lurvey Spring Brook (Echo Lake inlet)",2017-06-08,NA,NA,NA,NA,NA,NA,NA,NA,NA,NA,NA,NA,NA,NA,NA,NA,NA,NA,NA,NA,NA,NA,NA,"ACLSIE_20170608","06","2017","062017",NA,NA,NA,NA,NA,NA,NA,NA,NA,NA,NA,NA,NA,NA,NA,NA,NA,NA,NA,NA,NA,NA
"NETNStream","ACAD","ACLSIE","Lurvey Spring Brook (Echo Lake inlet)",2017-07-06,NA,NA,NA,NA,NA,NA,NA,NA,NA,NA,NA,NA,NA,NA,NA,NA,NA,NA,NA,NA,NA,NA,NA,"ACLSIE_20170706","07","2017","072017",NA,NA,NA,NA,NA,NA,NA,NA,NA,NA,NA,NA,NA,NA,NA,NA,NA,NA,NA,NA,NA,NA
"NETNStream","ACAD","ACLSIE","Lurvey Spring Brook (Echo Lake inlet)",2017-08-07,"SWRL",1899-12-31 13:30:00,0.2,6.9,187.0852,24.21,NA,1.761,NA,4.1,NA,NA,NA,0.0016,NA,NA,"<MRL 0.005",1.92698412698413,NA,55.725,NA,583.074285714286,NA,"ACLSIE_20170807","08","2017","082017",NA,NA,NA,NA,NA,NA,NA,NA,NA,NA,NA,NA,NA,NA,NA,NA,NA,NA,NA,NA,NA,NA
"NETNStream","ACAD","ACLSIE","Lurvey Spring Brook (Echo Lake inlet)",2017-09-08,NA,NA,NA,NA,NA,NA,NA,NA,NA,NA,NA,NA,NA,NA,NA,NA,NA,NA,NA,NA,NA,NA,NA,"ACLSIE_20170908","09","2017","092017",NA,NA,NA,NA,NA,NA,NA,NA,NA,NA,NA,NA,NA,NA,NA,NA,NA,NA,NA,NA,NA,NA
"NETNStream","ACAD","ACOTRC","Otter Creek",2017-05-10,"SWRL",1899-12-31 11:45:00,0.2,6.3,39.46392,12.847,NA,1.818,NA,2.5,NA,0.045,NA,NA,"<MRL 0.001",NA,"<MRL 0.005",NA,"<MRL 1",38.5919791666667,NA,142.580857142857,NA,"ACOTRC_20170510","05","2017","052017",NA,NA,NA,NA,NA,NA,NA,NA,NA,NA,NA,NA,NA,NA,NA,NA,NA,NA,NA,NA,NA,NA
"NETNStream","ACAD","ACOTRC","Otter Creek",2017-06-15,NA,NA,NA,NA,NA,NA,NA,NA,NA,NA,NA,NA,NA,NA,NA,NA,NA,NA,NA,NA,NA,NA,NA,"ACOTRC_20170615","06","2017","062017",NA,NA,NA,NA,NA,NA,NA,NA,NA,NA,NA,NA,NA,NA,NA,NA,NA,NA,NA,NA,NA,NA
"NETNStream","ACAD","ACOTRC","Otter Creek",2017-07-10,NA,NA,NA,NA,NA,NA,NA,NA,NA,NA,NA,NA,NA,NA,NA,NA,NA,NA,NA,NA,NA,NA,NA,"ACOTRC_20170710","07","2017","072017",NA,NA,NA,NA,NA,NA,NA,NA,NA,NA,NA,NA,NA,NA,NA,NA,NA,NA,NA,NA,NA,NA
"NETNStream","ACAD","ACOTRC","Otter Creek",2017-08-02,"SWRL",1899-12-31 14:15:00,0.2,7.041,185.5524,28.435,NA,1.568,NA,5.6,NA,NA,NA,NA,"<MRL 0.001",0.021,NA,NA,"<MRL 1",15.5770833333333,NA,162.102857142857,NA,"ACOTRC_20170802","08","2017","082017",NA,NA,NA,NA,NA,NA,NA,NA,NA,NA,NA,NA,NA,NA,NA,NA,NA,NA,NA,NA,NA,NA
"NETNStream","ACAD","ACOTRC","Otter Creek",2017-09-11,NA,NA,NA,NA,NA,NA,NA,NA,NA,NA,NA,NA,NA,NA,NA,NA,NA,NA,NA,NA,NA,NA,NA,"ACOTRC_20170911","09","2017","092017",NA,NA,NA,NA,NA,NA,NA,NA,NA,NA,NA,NA,NA,NA,NA,NA,NA,NA,NA,NA,NA,NA
"NETNStream","ACAD","ACSTNL","Stanley Brook",2017-05-03,"SWRL",1899-12-31 12:45:00,0.2,6.68,82.96171,58.728,NA,6.068,NA,6,NA,0.186,NA,NA,"<MRL 0.001",0.00916,NA,NA,"<MRL 1",62.2952083333333,NA,659.343043478261,NA,"ACSTNL_20170503","05","2017","052017",NA,NA,NA,NA,NA,NA,NA,NA,NA,NA,NA,NA,NA,NA,NA,NA,NA,NA,NA,NA,NA,NA
"NETNStream","ACAD","ACSTNL","Stanley Brook",2017-06-12,NA,NA,NA,NA,NA,NA,NA,NA,NA,NA,NA,NA,NA,NA,NA,NA,NA,NA,NA,NA,NA,NA,NA,"ACSTNL_20170612","06","2017","062017",2017-06-13,"13:10",13,"14:13",NA,0.08,0.097,NA,NA,NA,NA,NA,NA,NA,NA,NA,NA,NA,NA,NA,"06","2017"
"NETNStream","ACAD","ACSTNL","Stanley Brook",2017-07-10,NA,NA,NA,NA,NA,NA,NA,NA,NA,NA,NA,NA,NA,NA,NA,NA,NA,NA,NA,NA,NA,NA,NA,"ACSTNL_20170710","07","2017","072017",NA,NA,NA,NA,NA,NA,NA,NA,NA,NA,NA,NA,NA,NA,NA,NA,NA,NA,NA,NA,NA,NA
"NETNStream","ACAD","ACSTNL","Stanley Brook",2017-08-07,"SWRL",1899-12-31 11:15:00,0.2,7.371,300.0742,19.998,NA,1.609,NA,7.1,NA,NA,NA,NA,"<MRL 0.001",NA,"<MRL 0.005",12.3349206349206,NA,54.2458333333333,NA,472.577142857143,NA,"ACSTNL_20170807","08","2017","082017",NA,NA,NA,NA,NA,NA,NA,NA,NA,NA,NA,NA,NA,NA,NA,NA,NA,NA,NA,NA,NA,NA
"NETNStream","ACAD","ACSTNL","Stanley Brook",2017-09-07,NA,NA,NA,NA,NA,NA,NA,NA,NA,NA,NA,NA,NA,NA,NA,NA,NA,NA,NA,NA,NA,NA,NA,"ACSTNL_20170907","09","2017","092017",NA,NA,NA,NA,NA,NA,NA,NA,NA,NA,NA,NA,NA,NA,NA,NA,NA,NA,NA,NA,NA,NA
"NETNStream","ACAD","ACSTNL","Stanley Brook",2017-09-07,NA,NA,NA,NA,NA,NA,NA,NA,NA,NA,NA,NA,NA,NA,NA,NA,NA,NA,NA,NA,NA,NA,NA,"ACSTNL_20170907","09","2017","092017",NA,NA,NA,NA,NA,NA,NA,NA,NA,NA,NA,NA,NA,NA,NA,NA,NA,NA,NA,NA,NA,NA
"NETNStream","ACAD","ACSTNL","Stanley Brook",2017-09-07,NA,NA,NA,NA,NA,NA,NA,NA,NA,NA,NA,NA,NA,NA,NA,NA,NA,NA,NA,NA,NA,NA,NA,"ACSTNL_20170907","09","2017","092017",NA,NA,NA,NA,NA,NA,NA,NA,NA,NA,NA,NA,NA,NA,NA,NA,NA,NA,NA,NA,NA,NA
"NETNStream","MABI","MABISA","Pogue Brook (Stream A)",2017-05-22,"SWRL",1899-12-31 14:45:00,0.1,7.937,1605.536,31.873,NA,2.691,NA,78.8,NA,0.171,NA,NA,"<MRL 0.001",NA,"<MRL 0.005",1.57722222222222,NA,103.9009375,NA,10.1634285714286,NA,"MABISA_20170522","05","2017","052017",NA,NA,NA,NA,NA,NA,NA,NA,NA,NA,NA,NA,NA,NA,NA,NA,NA,NA,NA,NA,NA,NA
"NETNStream","MABI","MABISA","Pogue Brook (Stream A)",2017-06-20,NA,NA,NA,NA,NA,NA,NA,NA,NA,NA,NA,NA,NA,NA,NA,NA,NA,NA,NA,NA,NA,NA,NA,"MABISA_20170620","06","2017","062017",2017-06-20,"11:24",17.81,"12:00",NA,NA,NA,NA,NA,NA,NA,NA,NA,NA,NA,NA,NA,NA,"Y-24",NA,"06","2017"
"NETNStream","MABI","MABISA","Pogue Brook (Stream A)",2017-08-22,"SWRL",1899-12-31 15:00:00,0.2,8.235,2232.485,6.068,NA,1.159,NA,4.8,NA,NA,NA,NA,"<MRL 0.001",NA,"<MRL 0.005",NA,"<MRL 1",6.663,NA,NA,"<MRL 1","MABISA_20170822","08","2017","082017",2017-08-22,"1500",17.8,"1930",22,NA,NA,0.14,140,7,23.03,0.023,NA,NA,NA,NA,NA,NA,"N",NA,"08","2017"
"NETNStream","MABI","MABISA","Pogue Brook (Stream A)",2017-09-19,NA,NA,NA,NA,NA,NA,NA,NA,NA,NA,NA,NA,NA,NA,NA,NA,NA,NA,NA,NA,NA,NA,NA,"MABISA_20170919","09","2017","092017",2017-09-19,"1430",16.2,"1930",17.3,NA,NA,NA,NA,3,9.87,0.009,NA,NA,NA,0,NA,NA,"N",NA,"09","2017"
"NETNStream","MIMA","MIMASC","Concord River",2017-05-09,"SWRL",1899-12-31 15:30:00,1,7.306,451.985,73.71,NA,7.133,NA,40.8,NA,0.752,NA,0.0021,NA,0.0113,NA,NA,"<MRL 1",238.650104166667,NA,4887.63914285714,NA,"MIMASC_20170509","05","2017","052017",NA,NA,NA,NA,NA,NA,NA,NA,NA,NA,NA,NA,NA,NA,NA,NA,NA,NA,NA,NA,NA,NA
"NETNStream","MIMA","MIMASC","Concord River",2017-05-09,"SWRL",1899-12-31 15:30:00,1,7.306,451.985,73.71,NA,7.133,NA,40.8,NA,0.752,NA,0.0021,NA,0.0113,NA,NA,"<MRL 1",238.650104166667,NA,4887.63914285714,NA,"MIMASC_20170509","05","2017","052017",NA,NA,NA,NA,NA,NA,NA,NA,NA,NA,NA,NA,NA,NA,NA,NA,NA,NA,NA,NA,NA,NA
"NETNStream","MIMA","MIMASC","Concord River",2017-05-09,"SWRL",1899-12-31 15:30:00,1,7.306,451.985,73.71,NA,7.133,NA,40.8,NA,0.752,NA,0.0021,NA,0.0113,NA,NA,"<MRL 1",238.650104166667,NA,4887.63914285714,NA,"MIMASC_20170509","05","2017","052017",NA,NA,NA,NA,NA,NA,NA,NA,NA,NA,NA,NA,NA,NA,NA,NA,NA,NA,NA,NA,NA,NA
"NETNStream","MIMA","MIMASC","Concord River",2017-05-09,"SWRL",1899-12-31 15:30:00,1,7.306,451.985,73.71,NA,7.133,NA,40.8,NA,0.752,NA,0.0021,NA,0.0113,NA,NA,"<MRL 1",238.650104166667,NA,4887.63914285714,NA,"MIMASC_20170509","05","2017","052017",NA,NA,NA,NA,NA,NA,NA,NA,NA,NA,NA,NA,NA,NA,NA,NA,NA,NA,NA,NA,NA,NA
"NETNStream","MIMA","MIMASC","Concord River",2017-05-09,"SWRL",1899-12-31 15:30:00,1,7.306,451.985,73.71,NA,7.133,NA,40.8,NA,0.752,NA,0.0021,NA,0.0113,NA,NA,"<MRL 1",238.650104166667,NA,4887.63914285714,NA,"MIMASC_20170509","05","2017","052017",NA,NA,NA,NA,NA,NA,NA,NA,NA,NA,NA,NA,NA,NA,NA,NA,NA,NA,NA,NA,NA,NA
"NETNStream","MIMA","MIMASC","Concord River",2017-05-09,"SWRL",1899-12-31 15:30:00,1,7.306,451.985,73.71,NA,7.133,NA,40.8,NA,0.752,NA,0.0021,NA,0.0113,NA,NA,"<MRL 1",238.650104166667,NA,4887.63914285714,NA,"MIMASC_20170509","05","2017","052017",NA,NA,NA,NA,NA,NA,NA,NA,NA,NA,NA,NA,NA,NA,NA,NA,NA,NA,NA,NA,NA,NA
"NETNStream","MIMA","MIMASC","Concord River",2017-05-09,"SWRL",1899-12-31 15:30:00,1,7.306,451.985,73.71,NA,7.133,NA,40.8,NA,0.752,NA,0.0021,NA,0.0113,NA,NA,"<MRL 1",238.650104166667,NA,4887.63914285714,NA,"MIMASC_20170509","05","2017","052017",NA,NA,NA,NA,NA,NA,NA,NA,NA,NA,NA,NA,NA,NA,NA,NA,NA,NA,NA,NA,NA,NA
"NETNStream","MIMA","MIMASC","Concord River",2017-05-09,"SWRL",1899-12-31 15:30:00,1,7.306,451.985,73.71,NA,7.133,NA,40.8,NA,0.752,NA,0.0021,NA,0.0113,NA,NA,"<MRL 1",238.650104166667,NA,4887.63914285714,NA,"MIMASC_20170509","05","2017","052017",NA,NA,NA,NA,NA,NA,NA,NA,NA,NA,NA,NA,NA,NA,NA,NA,NA,NA,NA,NA,NA,NA
"NETNStream","MIMA","MIMASC","Concord River",2017-05-09,"SWRL",1899-12-31 15:30:00,1,7.306,451.985,73.71,NA,7.133,NA,40.8,NA,0.752,NA,0.0021,NA,0.0113,NA,NA,"<MRL 1",238.650104166667,NA,4887.63914285714,NA,"MIMASC_20170509","05","2017","052017",NA,NA,NA,NA,NA,NA,NA,NA,NA,NA,NA,NA,NA,NA,NA,NA,NA,NA,NA,NA,NA,NA
"NETNStream","MIMA","MIMASC","Concord River",2017-05-09,"SWRL",1899-12-31 15:30:00,1,7.306,451.985,73.71,NA,7.133,NA,40.8,NA,0.752,NA,0.0021,NA,0.0113,NA,NA,"<MRL 1",238.650104166667,NA,4887.63914285714,NA,"MIMASC_20170509","05","2017","052017",NA,NA,NA,NA,NA,NA,NA,NA,NA,NA,NA,NA,NA,NA,NA,NA,NA,NA,NA,NA,NA,NA
"NETNStream","MIMA","MIMASC","Concord River",2017-05-09,"SWRL",1899-12-31 15:30:00,1,7.306,451.985,73.71,NA,7.133,NA,40.8,NA,0.752,NA,0.0021,NA,0.0113,NA,NA,"<MRL 1",238.650104166667,NA,4887.63914285714,NA,"MIMASC_20170509","05","2017","052017",NA,NA,NA,NA,NA,NA,NA,NA,NA,NA,NA,NA,NA,NA,NA,NA,NA,NA,NA,NA,NA,NA
"NETNStream","MIMA","MIMASC","Concord River",2017-06-06,NA,NA,NA,NA,NA,NA,NA,NA,NA,NA,NA,NA,NA,NA,NA,NA,NA,NA,NA,NA,NA,NA,NA,"MIMASC_20170606","06","2017","062017",2017-06-06,"15:07",15.31,"18:30",NA,0.07,0.08498,NA,NA,2,6.58,0.00658,NA,NA,NA,3.7,130,3667.3,"Y-DC",NA,"06","2017"
"NETNStream","MIMA","MIMASC","Concord River",2017-08-08,"SWRL",1899-12-31 15:15:00,0.5,7.365,682.9015,90.129,NA,6.556,NA,30.9,NA,NA,NA,0.0027,NA,0.0154,NA,24.5650793650794,NA,157.8,NA,4570.97142857143,NA,"MIMASC_20170808","08","2017","082017",2017-08-08,"1515",22.6,"7:30",14.6,0.11,0.1335,NA,NA,NA,NA,NA,NA,NA,NA,3.9,142,4005.82,"Y-24","Next day test","08","2017"
"NETNStream","MIMA","MIMASC","Concord River",2017-08-08,"SWRL",1899-12-31 15:15:00,0.5,7.365,682.9015,90.129,NA,6.556,NA,30.9,NA,NA,NA,0.0027,NA,0.0154,NA,24.5650793650794,NA,157.8,NA,4570.97142857143,NA,"MIMASC_20170808","08","2017","082017",2017-08-08,"1515",22.6,"7:30",14.6,0.11,0.1335,NA,NA,NA,NA,NA,NA,NA,NA,3.9,142,4005.82,"Y-24","Next day test","08","2017"
"NETNStream","MIMA","MIMASC","Concord River",2017-08-08,"SWRL",1899-12-31 15:15:00,0.5,7.365,682.9015,90.129,NA,6.556,NA,30.9,NA,NA,NA,0.0027,NA,0.0154,NA,24.5650793650794,NA,157.8,NA,4570.97142857143,NA,"MIMASC_20170808","08","2017","082017",2017-08-08,"1515",22.6,"7:30",14.6,0.11,0.1335,NA,NA,NA,NA,NA,NA,NA,NA,3.9,142,4005.82,"Y-24","Next day test","08","2017"
"NETNStream","MIMA","MIMASC","Concord River",2017-08-08,"SWRL",1899-12-31 15:15:00,0.5,7.365,682.9015,90.129,NA,6.556,NA,30.9,NA,NA,NA,0.0027,NA,0.0154,NA,24.5650793650794,NA,157.8,NA,4570.97142857143,NA,"MIMASC_20170808","08","2017","082017",2017-08-08,"1515",22.6,"7:30",14.6,0.11,0.1335,NA,NA,NA,NA,NA,NA,NA,NA,3.9,142,4005.82,"Y-24","Next day test","08","2017"
"NETNStream","MIMA","MIMASC","Concord River",2017-08-08,"SWRL",1899-12-31 15:15:00,0.5,7.365,682.9015,90.129,NA,6.556,NA,30.9,NA,NA,NA,0.0027,NA,0.0154,NA,24.5650793650794,NA,157.8,NA,4570.97142857143,NA,"MIMASC_20170808","08","2017","082017",2017-08-08,"1515",22.6,"7:30",14.6,0.11,0.1335,NA,NA,NA,NA,NA,NA,NA,NA,3.9,142,4005.82,"Y-24","Next day test","08","2017"
"NETNStream","MIMA","MIMASC","Concord River",2017-08-08,"SWRL",1899-12-31 15:15:00,0.5,7.365,682.9015,90.129,NA,6.556,NA,30.9,NA,NA,NA,0.0027,NA,0.0154,NA,24.5650793650794,NA,157.8,NA,4570.97142857143,NA,"MIMASC_20170808","08","2017","082017",2017-08-08,"1515",22.6,"7:30",14.6,0.11,0.1335,NA,NA,NA,NA,NA,NA,NA,NA,3.9,142,4005.82,"Y-24","Next day test","08","2017"
"NETNStream","MIMA","MIMASC","Concord River",2017-08-08,"SWRL",1899-12-31 15:15:00,0.5,7.365,682.9015,90.129,NA,6.556,NA,30.9,NA,NA,NA,0.0027,NA,0.0154,NA,24.5650793650794,NA,157.8,NA,4570.97142857143,NA,"MIMASC_20170808","08","2017","082017",2017-08-08,"1515",22.6,"7:30",14.6,0.11,0.1335,NA,NA,NA,NA,NA,NA,NA,NA,3.9,142,4005.82,"Y-24","Next day test","08","2017"
"NETNStream","MIMA","MIMASC","Concord River",2017-08-08,"SWRL",1899-12-31 15:15:00,0.5,7.365,682.9015,90.129,NA,6.556,NA,30.9,NA,NA,NA,0.0027,NA,0.0154,NA,24.5650793650794,NA,157.8,NA,4570.97142857143,NA,"MIMASC_20170808","08","2017","082017",2017-08-08,"1515",22.6,"7:30",14.6,0.11,0.1335,NA,NA,NA,NA,NA,NA,NA,NA,3.9,142,4005.82,"Y-24","Next day test","08","2017"
"NETNStream","MIMA","MIMASC","Concord River",2017-08-08,"SWRL",1899-12-31 15:15:00,0.5,7.365,682.9015,90.129,NA,6.556,NA,30.9,NA,NA,NA,0.0027,NA,0.0154,NA,24.5650793650794,NA,157.8,NA,4570.97142857143,NA,"MIMASC_20170808","08","2017","082017",2017-08-08,"1515",22.6,"7:30",14.6,0.11,0.1335,NA,NA,NA,NA,NA,NA,NA,NA,3.9,142,4005.82,"Y-24","Next day test","08","2017"
"NETNStream","MIMA","MIMASC","Concord River",2017-08-08,"SWRL",1899-12-31 15:15:00,0.5,7.365,682.9015,90.129,NA,6.556,NA,30.9,NA,NA,NA,0.0027,NA,0.0154,NA,24.5650793650794,NA,157.8,NA,4570.97142857143,NA,"MIMASC_20170808","08","2017","082017",2017-08-08,"1515",22.6,"7:30",14.6,0.11,0.1335,NA,NA,NA,NA,NA,NA,NA,NA,3.9,142,4005.82,"Y-24","Next day test","08","2017"
"NETNStream","MIMA","MIMASC","Concord River",2017-08-08,"SWRL",1899-12-31 15:15:00,0.5,7.365,682.9015,90.129,NA,6.556,NA,30.9,NA,NA,NA,0.0027,NA,0.0154,NA,24.5650793650794,NA,157.8,NA,4570.97142857143,NA,"MIMASC_20170808","08","2017","082017",2017-08-08,"1515",22.6,"7:30",14.6,0.11,0.1335,NA,NA,NA,NA,NA,NA,NA,NA,3.9,142,4005.82,"Y-24","Next day test","08","2017"
"NETNStream","MIMA","MIMASC","Concord River",2017-09-08,NA,NA,NA,NA,NA,NA,NA,NA,NA,NA,NA,NA,NA,NA,NA,NA,NA,NA,NA,NA,NA,NA,NA,"MIMASC_20170908","09","2017","092017",2017-09-08,"1240",19.8,"1730",14.1,0.05,0.061,NA,NA,16,52.64,0.052,2,NA,NA,4.6,180,5077.8,"Y-48","Suspect value for Nitrite. Couldnt rerun as out of water.","09","2017"
"NETNStream","MIMA","MIMASB","Elm Brook (Stream B)",2017-05-09,"SWRL",1899-12-31 10:50:00,0.2,6.874,240.3,91.388,NA,8.838,NA,33.9,NA,0.994,NA,NA,"<MRL 0.001",0.0112,NA,32.9465873015873,NA,233.6246875,NA,7350.79814285714,NA,"MIMASB_20170509","05","2017","052017",NA,NA,NA,NA,NA,NA,NA,NA,NA,NA,NA,NA,NA,NA,NA,NA,NA,NA,NA,NA,NA,NA
"NETNStream","MIMA","MIMASB","Elm Brook (Stream B)",2017-06-06,NA,NA,NA,NA,NA,NA,NA,NA,NA,NA,NA,NA,NA,NA,NA,NA,NA,NA,NA,NA,NA,NA,NA,"MIMASB_20170606","06","2017","062017",2017-06-06,"10:37",11.78,"12:00",NA,0.25,0.304,NA,NA,NA,NA,NA,NA,NA,NA,4,148,4175.08,"Y-DC",NA,"06","2017"
"NETNStream","MIMA","MIMASB","Elm Brook (Stream B)",2017-08-08,"SWRL",1899-12-31 11:15:00,0.1,7.169,430.9035,111.77,NA,7.142,NA,35.5,NA,NA,NA,NA,"<MRL 0.001",0.00823,NA,21.8111111111111,NA,85.4916666666667,NA,6809.85142857143,NA,"MIMASB_20170808","08","2017","082017",2017-08-08,"1115",16.7,"7:30",14.8,0.15,0.182,0.05,50,NA,NA,NA,NA,NA,NA,4.9,211,5952.31,"Y-24","Next day test","08","2017"
"NETNStream","MIMA","MIMASB","Elm Brook (Stream B)",2017-09-08,NA,NA,NA,NA,NA,NA,NA,NA,NA,NA,NA,NA,NA,NA,NA,NA,NA,NA,NA,NA,NA,NA,NA,"MIMASB_20170908","09","2017","092017",2017-09-08,"1015",14.8,"1630",11.5,0.14,0.169,NA,NA,NA,NA,NA,NA,NA,NA,5.4,244,6883.24,"Y-48",NA,"09","2017"
"NETNStream","MIMA","MIMASA","Mill Brook (Stream A)",2017-05-09,"SWRL",1899-12-31 12:15:00,0.2,7.237,671.88883,115.792,NA,6.849,NA,61.7,NA,1.044,NA,0.0028,NA,0.0594,NA,23.0403968253968,NA,262.014375,NA,6806.89885714286,NA,"MIMASA_20170509","05","2017","052017",NA,NA,NA,NA,NA,NA,NA,NA,NA,NA,NA,NA,NA,NA,NA,NA,NA,NA,NA,NA,NA,NA
"NETNStream","MIMA","MIMASA","Mill Brook (Stream A)",2017-06-06,NA,NA,NA,NA,NA,NA,NA,NA,NA,NA,NA,NA,NA,NA,NA,NA,NA,NA,NA,NA,NA,NA,NA,"MIMASA_20170606","06","2017","062017",2017-06-06,"13:37",12.81,"18:30",NA,0.18,0.21852,0.05,50,NA,NA,NA,NA,NA,NA,3.8,136,3836.56,"Y-DC",NA,"06","2017"
"NETNStream","MIMA","MIMASA","Mill Brook (Stream A)",2017-08-08,"SWRL",1899-12-31 13:00:00,0.2,7.165,838.7,121.753,NA,5.857,NA,57.4,NA,NA,NA,0.0016,NA,0.0303,NA,15.1174603174603,NA,131.414583333333,NA,6134.56,NA,"MIMASA_20170808","08","2017","082017",2017-08-08,"1300",19.1,"7:30",15.3,0.08,0.097,NA,NA,NA,NA,NA,NA,NA,NA,4.8,203,5726.63,"Y-24","Next day test","08","2017"
"NETNStream","MIMA","MIMASA","Mill Brook (Stream A)",2017-09-08,NA,NA,NA,NA,NA,NA,NA,NA,NA,NA,NA,NA,NA,NA,NA,NA,NA,NA,NA,NA,NA,NA,NA,"MIMASA_20170908","09","2017","092017",2017-09-08,"1145",15.9,"1700",11.8,0.1,0.121,NA,NA,3,9.87,0.009,NA,NA,NA,4.8,194,5472.74,"Y-48",NA,"09","2017"
"NETNStream","MORR","MORRSD","Indian Grove Brook (Stream D)",2017-05-16,"SWRL",1899-12-31 11:00:00,0.3,7.45,687.378,25.566,NA,2.6,NA,23,NA,0.926,NA,0.002,NA,0.00758,NA,65.7056349206349,NA,264.419479166667,NA,1591.58071428571,NA,"MORRSD_20170516","05","2017","052017",NA,NA,NA,NA,NA,NA,NA,NA,NA,NA,NA,NA,NA,NA,NA,NA,NA,NA,NA,NA,NA,NA
"NETNStream","MORR","MORRSD","Indian Grove Brook (Stream D)",2017-06-13,NA,NA,NA,NA,NA,NA,NA,NA,NA,NA,NA,NA,NA,NA,NA,NA,NA,NA,NA,NA,NA,NA,NA,"MORRSD_20170613","06","2017","062017",2017-06-13,"15:16",22.73,"16:30",NA,NA,NA,NA,NA,4,13.16,0.01316,NA,NA,NA,2,52,1466.92,"N",NA,"06","2017"
"NETNStream","MORR","MORRSD","Indian Grove Brook (Stream D)",2017-08-15,"SWRL",1899-12-31 09:00:00,0.2,7.632,823.1739,27.694,NA,1.465,NA,16.1,NA,NA,NA,0.0013,NA,NA,"<MRL 0.005",2.7158,NA,11.9599,NA,67.8746,NA,"MORRSD_20170815","08","2017","082017",2017-08-15,"900",19.8,"1700",14.2,NA,NA,0.05,50,10,32.9,0.032,2,NA,NA,2,52,1466.92,"N",NA,"08","2017"
"NETNStream","MORR","MORRSD","Indian Grove Brook (Stream D)",2017-09-12,NA,NA,NA,NA,NA,NA,NA,NA,NA,NA,NA,NA,NA,NA,NA,NA,NA,NA,NA,NA,NA,NA,NA,"MORRSD_20170912","09","2017","092017",2017-09-12,"1530",17.3,"1730",14.4,0.01,0.012,0.04,40,7,23.03,0.023,2,NA,NA,2.4,66,1861.86,"N",NA,"09","2017"
"NETNStream","MORR","MORRSE","Passaic River (Stream E)",2017-05-16,"SWRL",1899-12-31 13:15:00,0.2,7.59,794.807,49.179,NA,3.302,NA,29.7,NA,0.602,NA,0.002,NA,0.0531,NA,25.8544444444444,NA,226.31875,NA,1215.33414285714,NA,"MORRSE_20170516","05","2017","052017",NA,NA,NA,NA,NA,NA,NA,NA,NA,NA,NA,NA,NA,NA,NA,NA,NA,NA,NA,NA,NA,NA
"NETNStream","MORR","MORRSE","Passaic River (Stream E)",2017-06-14,NA,NA,NA,NA,NA,NA,NA,NA,NA,NA,NA,NA,NA,NA,NA,NA,NA,NA,NA,NA,NA,NA,NA,"MORRSE_20170614","06","2017","062017",2017-06-14,"10:01",20.66,"10:45",NA,NA,NA,NA,NA,4,13.16,0.01316,NA,NA,NA,1.8,45,1269.45,"N","1.8(Cl), 12(NO2-N)","06","2017"
"NETNStream","MORR","MORRSE","Passaic River (Stream E)",2017-08-15,"SWRL",1899-12-31 11:45:00,0.2,7.811,1013.027,22.544,NA,2.506,NA,10.7,NA,NA,NA,NA,"<MRL 0.001",NA,"<MRL 0.005",NA,"<MRL 1",11.1336,NA,54.0711,NA,"MORRSE_20170815","08","2017","082017",2017-08-15,"1145",19.6,"1700",15.3,NA,NA,0.1,100,5,16.45,0.016,NA,NA,NA,1.8,45,1269.45,"N",NA,"08","2017"
"NETNStream","MORR","MORRSE","Passaic River (Stream E)",2017-09-13,NA,NA,NA,NA,NA,NA,NA,NA,NA,NA,NA,NA,NA,NA,NA,NA,NA,NA,NA,NA,NA,NA,NA,"MORRSE_20170913","09","2017","092017",2017-09-13,"1000",14.7,"1700",9.2,NA,NA,NA,NA,5,16.45,0.016,NA,NA,NA,1.8,46,1297.66,"N",NA,"09","2017"
"NETNStream","MORR","MORRSB","Primrose Brook Confluence (Stream B)",2017-05-16,"SWRL",1899-12-31 09:15:00,0.1,7.39,634.167,11.34,NA,1.46,NA,25.4,NA,0.275,NA,NA,"<MRL 0.001",0.00526,NA,15.0401587301587,NA,277.411354166667,NA,129.872714285714,NA,"MORRSB_20170516","05","2017","052017",NA,NA,NA,NA,NA,NA,NA,NA,NA,NA,NA,NA,NA,NA,NA,NA,NA,NA,NA,NA,NA,NA
"NETNStream","MORR","MORRSB","Primrose Brook Confluence (Stream B)",2017-06-13,NA,NA,NA,NA,NA,NA,NA,NA,NA,NA,NA,NA,NA,NA,NA,NA,NA,NA,NA,NA,NA,NA,NA,"MORRSB_20170613","06","2017","062017",2017-06-13,"12:57",18,"16:30",NA,NA,NA,NA,NA,NA,NA,NA,NA,NA,NA,NA,NA,NA,"N",NA,"06","2017"
"NETNStream","MORR","MORRSB","Primrose Brook Confluence (Stream B)",2017-08-14,"SWRL",1899-12-31 16:00:00,0.1,7.733,874.7769,12.536,NA,1.36,NA,17.6,NA,NA,NA,NA,"<MRL 0.001",NA,"<MRL 0.005",1.3006,NA,12.6697,NA,7.432,NA,"MORRSB_20170814","08","2017","082017",2017-08-14,"1600",17.7,"1800",16.6,NA,NA,0.03,30,1,3.29,0.003,NA,2.8,78.876,0.5,NA,NA,"N",NA,"08","2017"
"NETNStream","MORR","MORRSB","Primrose Brook Confluence (Stream B)",2017-09-12,NA,NA,NA,NA,NA,NA,NA,NA,NA,NA,NA,NA,NA,NA,NA,NA,NA,NA,NA,NA,NA,NA,NA,"MORRSB_20170912","09","2017","092017",2017-09-12,"1330",14.8,"1715",13.3,0.03,0.036,0.08,80,5,16.45,0.016,NA,NA,NA,0.6,NA,NA,"N",NA,"09","2017"
"NETNStream","ROVA","ROVASF","Fall Kill (Stream F)",2017-05-18,"SWRL",1899-12-31 09:45:00,0.1,7.58,1666.598,51.412,NA,4.937,NA,81.1,NA,0.467,NA,0.0054,NA,0.0235,NA,NA,"<MRL 1",250.94125,NA,1425.09957142857,NA,"ROVASF_20170518","05","2017","052017",NA,NA,NA,NA,NA,NA,NA,NA,NA,NA,NA,NA,NA,NA,NA,NA,NA,NA,NA,NA,NA,NA
"NETNStream","ROVA","ROVASF","Fall Kill (Stream F)",2017-06-15,NA,NA,NA,NA,NA,NA,NA,NA,NA,NA,NA,NA,NA,NA,NA,NA,NA,NA,NA,NA,NA,NA,NA,"ROVASF_20170615","06","2017","062017",2017-06-15,"15:27",20.55,"16:30",NA,0.03,0.03642,NA,NA,11,36.19,0.03619,NA,NA,NA,2.3,63,1777.23,"N",NA,"06","2017"
"NETNStream","ROVA","ROVASF","Fall Kill (Stream F)",2017-08-16,"SWRL",1899-12-31 09:45:00,0.2,7.607,2299.818,43.643,NA,4.891,NA,82.9,NA,NA,NA,0.0137,NA,0.0492,NA,NA,"<MRL 1",1.5989,NA,15.7283,NA,"ROVASF_20170816","08","2017","082017",2017-08-16,"945",20.1,"1700",13.1,0.07,0.0849,0.21,210,12,39.48,0.039,NA,NA,NA,2.6,76,2143.96,"N",NA,"08","2017"
"NETNStream","ROVA","ROVASF","Fall Kill (Stream F)",2017-09-14,NA,NA,NA,NA,NA,NA,NA,NA,NA,NA,NA,NA,NA,NA,NA,NA,NA,NA,NA,NA,NA,NA,NA,"ROVASF_20170914","09","2017","092017",2017-09-14,"1350",19.8,"1030",14.3,0.02,0.024,0.05,50,16,52.64,0.052,NA,NA,NA,3,90,2538.9,"N","Next day test","09","2017"
"NETNStream","ROVA","ROVASF","Fall Kill (Stream F)",2017-09-14,NA,NA,NA,NA,NA,NA,NA,NA,NA,NA,NA,NA,NA,NA,NA,NA,NA,NA,NA,NA,NA,NA,NA,"ROVASF_20170914","09","2017","092017",2017-09-14,"1350",19.8,"1100",17.6,0.01,0.012,0.08,80,13,42.77,0.042,NA,NA,NA,3,90,2538.9,"N","QC REP","09","2017"
"NETNStream","ROVA","ROVASF","Fall Kill (Stream F)",2017-09-14,NA,NA,NA,NA,NA,NA,NA,NA,NA,NA,NA,NA,NA,NA,NA,NA,NA,NA,NA,NA,NA,NA,NA,"ROVASF_20170914","09","2017","092017",2017-09-14,"1350",19.8,"1030",14.3,0.02,0.024,0.05,50,16,52.64,0.052,NA,NA,NA,3,90,2538.9,"N","Next day test","09","2017"
"NETNStream","ROVA","ROVASF","Fall Kill (Stream F)",2017-09-14,NA,NA,NA,NA,NA,NA,NA,NA,NA,NA,NA,NA,NA,NA,NA,NA,NA,NA,NA,NA,NA,NA,NA,"ROVASF_20170914","09","2017","092017",2017-09-14,"1350",19.8,"1100",17.6,0.01,0.012,0.08,80,13,42.77,0.042,NA,NA,NA,3,90,2538.9,"N","QC REP","09","2017"
"NETNStream","ROVA","ROVASD","Lower Crum Elbow Creek (Stream D)",2017-05-18,"SWRL",1899-12-31 12:15:00,0.3,8.254,1852.292,42.244,NA,4.377,NA,34.8,NA,0.556,NA,0.0044,NA,NA,"<MRL 0.005",NA,"<MRL 1",234.475729166667,NA,1398.22371428571,NA,"ROVASD_20170518","05","2017","052017",NA,NA,NA,NA,NA,NA,NA,NA,NA,NA,NA,NA,NA,NA,NA,NA,NA,NA,NA,NA,NA,NA
"NETNStream","ROVA","ROVASD","Lower Crum Elbow Creek (Stream D)",2017-06-14,NA,NA,NA,NA,NA,NA,NA,NA,NA,NA,NA,NA,NA,NA,NA,NA,NA,NA,NA,NA,NA,NA,NA,"ROVASD_20170614","06","2017","062017",2017-06-14,"17:12",24.02,"18:00",NA,NA,NA,NA,NA,5,16.45,0.01645,NA,NA,NA,2,52,1466.92,"N","6 (NO2-N)","06","2017"
"NETNStream","ROVA","ROVASD","Lower Crum Elbow Creek (Stream D)",2017-08-16,"SWRL",1899-12-31 14:15:00,0.2,8.417,2512.181,28.517,NA,3.397,NA,44.8,NA,NA,NA,0.0026,NA,NA,"<MRL 0.005",NA,"<MRL 1",16.3549,NA,79.7933,NA,"ROVASD_20170816","08","2017","082017",2017-08-16,"1415",22.2,"1600",14.2,0.04,0.048,0.13,130,10,32.9,0.032,NA,NA,NA,2.6,76,2143.96,"N",NA,"08","2017"
"NETNStream","ROVA","ROVASD","Lower Crum Elbow Creek (Stream D)",2017-09-13,NA,NA,NA,NA,NA,NA,NA,NA,NA,NA,NA,NA,NA,NA,NA,NA,NA,NA,NA,NA,NA,NA,NA,"ROVASD_20170913","09","2017","092017",2017-09-13,"1630",18.3,"1745",17.9,0.02,0.024,0.07,70,10,32.9,0.032,2,NA,NA,2.9,86,2426.06,"N",NA,"09","2017"
"NETNStream","ROVA","ROVASA","Lower FDR Brook (Stream A)",2017-05-17,"SWRL",1899-12-31 11:30:00,0.1,8.083,2499.866,16.982,NA,2.064,NA,56.2,NA,1.92,NA,0.0106,NA,NA,"<MRL 0.005",NA,"<MRL 1",550.275729166667,NA,2807.24642857143,NA,"ROVASA_20170517","05","2017","052017",NA,NA,NA,NA,NA,NA,NA,NA,NA,NA,NA,NA,NA,NA,NA,NA,NA,NA,NA,NA,NA,NA
"NETNStream","ROVA","ROVASA","Lower FDR Brook (Stream A)",2017-06-15,NA,NA,NA,NA,NA,NA,NA,NA,NA,NA,NA,NA,NA,NA,NA,NA,NA,NA,NA,NA,NA,NA,NA,"ROVASA_20170615","06","2017","062017",2017-06-15,"11:00",17.15,"12:30",NA,NA,NA,NA,NA,5,16.45,0.01645,2,NA,NA,2.9,89,2510.69,"N",NA,"06","2017"
"NETNStream","ROVA","ROVASA","Lower FDR Brook (Stream A)",2017-08-17,"SWRL",1899-12-31 10:45:00,0.2,8.185,3176.739,16.915,NA,2.05,NA,52.8,NA,NA,NA,0.0023,NA,NA,"<MRL 0.005",2.9618,NA,28.6183,NA,125.3331,NA,"ROVASA_20170817","08","2017","082017",2017-08-17,"1045",18.6,"1730",15.3,0.02,0.024,0.17,170,5,16.45,0.016,2,NA,NA,3.3,104,2933.84,"N",NA,"08","2017"
"NETNStream","ROVA","ROVASA","Lower FDR Brook (Stream A)",2017-09-14,NA,NA,NA,NA,NA,NA,NA,NA,NA,NA,NA,NA,NA,NA,NA,NA,NA,NA,NA,NA,NA,NA,NA,"ROVASA_20170914","09","2017","092017",2017-09-14,"1015",16.6,"1830",13.2,NA,NA,0.1,100,6,19.74,0.019,5,NA,NA,3.4,109,3074.89,"N",NA,"09","2017"
"NETNStream","ROVA","ROVASE","Maritje Kill (Stream E)",2017-05-17,"SWRL",1899-12-31 14:00:00,0.3,7.932,2302.162,41.291,NA,5.544,NA,34.2,NA,0.233,NA,0.0014,NA,0.005,NA,NA,"<MRL 1",265.150416666667,NA,1451.29028571429,NA,"ROVASE_20170517","05","2017","052017",NA,NA,NA,NA,NA,NA,NA,NA,NA,NA,NA,NA,NA,NA,NA,NA,NA,NA,NA,NA,NA,NA
"NETNStream","ROVA","ROVASE","Maritje Kill (Stream E)",2017-06-15,NA,NA,NA,NA,NA,NA,NA,NA,NA,NA,NA,NA,NA,NA,NA,NA,NA,NA,NA,NA,NA,NA,NA,"ROVASE_20170615","06","2017","062017",2017-06-15,"14:14",18.5,"16:30",NA,0.02,0.02428,NA,NA,3,9.87,0.00987,NA,NA,NA,2.5,72,2031.12,"N","2.4(Cl), 2(NO2-N)","06","2017"
"NETNStream","ROVA","ROVASE","Maritje Kill (Stream E)",2017-08-16,"SWRL",1899-12-31 11:00:00,0.2,8.278,3765.751,18.244,NA,3.983,NA,68.7,NA,NA,NA,0.0013,NA,NA,"<MRL 0.005",2.6451,NA,16.844,NA,102.3414,NA,"ROVASE_20170816","08","2017","082017",2017-08-16,"1100",19.8,"1700",15.5,0.03,0.036,0.19,190,11,36.19,0.036,2,NA,NA,2.8,82,2313.22,"N",NA,"08","2017"
"NETNStream","ROVA","ROVASE","Maritje Kill (Stream E)",2017-09-14,NA,NA,NA,NA,NA,NA,NA,NA,NA,NA,NA,NA,NA,NA,NA,NA,NA,NA,NA,NA,NA,NA,NA,"ROVASE_20170914","09","2017","092017",2017-09-14,"1210",18,"10:00",14.7,NA,NA,0.19,190,7,23.03,0.023,2,NA,NA,3.4,109,3074.89,"N","Next day test","09","2017"
"NETNStream","ROVA","ROVASB","Upper FDR Brook (Stream B)",2017-05-17,"SWRL",1899-12-31 10:10:00,0.1,8.103,2880.753,20.777,NA,2.381,NA,54.4,NA,2.108,NA,0.0064,NA,NA,"<MRL 0.005",NA,"<MRL 1",555.025104166667,NA,3217.58471428571,NA,"ROVASB_20170517","05","2017","052017",NA,NA,NA,NA,NA,NA,NA,NA,NA,NA,NA,NA,NA,NA,NA,NA,NA,NA,NA,NA,NA,NA
"NETNStream","ROVA","ROVASB","Upper FDR Brook (Stream B)",2017-06-15,NA,NA,NA,NA,NA,NA,NA,NA,NA,NA,NA,NA,NA,NA,NA,NA,NA,NA,NA,NA,NA,NA,NA,"ROVASB_20170615","06","2017","062017",2017-06-15,"9:39",17.45,"12:30",NA,NA,NA,NA,NA,7,23.03,0.02303,2,NA,NA,3.3,108,3046.68,"N",NA,"06","2017"
"NETNStream","ROVA","ROVASB","Upper FDR Brook (Stream B)",2017-08-17,"SWRL",1899-12-31 09:15:00,0.1,8.291,3754.676,15.953,NA,2.109,NA,50.3,NA,NA,NA,0.0024,NA,NA,"<MRL 0.005",NA,"<MRL 1",25.026,NA,146.8657,NA,"ROVASB_20170817","08","2017","082017",2017-08-17,"915",17.9,"1730",16.8,NA,NA,0.15,150,5,16.45,0.016,2,NA,NA,3.6,119,3356.99,"N",NA,"08","2017"
"NETNStream","ROVA","ROVASB","Upper FDR Brook (Stream B)",2017-09-14,NA,NA,NA,NA,NA,NA,NA,NA,NA,NA,NA,NA,NA,NA,NA,NA,NA,NA,NA,NA,NA,NA,NA,"ROVASB_20170914","09","2017","092017",2017-09-14,"840",16.3,"1800",14.2,NA,NA,0.13,130,4,13.16,0.013,5,NA,NA,3.8,130,3667.3,"N",NA,"09","2017"
"NETNStream","SAGA","SAGASB","Blow-Me-Down Brook (Stream B)",2017-05-22,"SWRL",1899-12-31 12:00:00,0.2,8.083,756.409,23.643,NA,1.918,NA,23.9,NA,0.207,NA,0.0011,NA,0.00636,NA,NA,"<MRL 1",125.666354166667,NA,363.057571428571,NA,"SAGASB_20170522","05","2017","052017",NA,NA,NA,NA,NA,NA,NA,NA,NA,NA,NA,NA,NA,NA,NA,NA,NA,NA,NA,NA,NA,NA
"NETNStream","SAGA","SAGASB","Blow-Me-Down Brook (Stream B)",2017-06-20,NA,NA,NA,NA,NA,NA,NA,NA,NA,NA,NA,NA,NA,NA,NA,NA,NA,NA,NA,NA,NA,NA,NA,"SAGASB_20170620","06","2017","062017",2017-06-20,"16:19",21.94,"19:30",12.8,NA,NA,0.06,60,5,16.45,0.01645,NA,NA,NA,0.08,NA,NA,"Y-24",NA,"06","2017"
"NETNStream","SAGA","SAGASB","Blow-Me-Down Brook (Stream B)",2017-08-22,"SWRL",1899-12-31 12:30:00,0.2,7.958,1188.934,38.569,NA,3.046,NA,13.7,NA,NA,NA,0.002,NA,0.0127,NA,NA,"<MRL 1",5.7228,NA,28.4921,NA,"SAGASB_20170822","08","2017","082017",2017-08-22,"1230",21.2,"1900",14.5,0.01,0.012,NA,NA,5,16.45,0.016,NA,6.5,183.1,NA,NA,NA,"N",NA,"08","2017"
"NETNStream","SAGA","SAGASB","Blow-Me-Down Brook (Stream B)",2017-09-19,NA,NA,NA,NA,NA,NA,NA,NA,NA,NA,NA,NA,NA,NA,NA,NA,NA,NA,NA,NA,NA,NA,NA,"SAGASB_20170919","09","2017","092017",2017-09-19,"1220",19.7,"1910",12.7,NA,NA,NA,NA,0,NA,NA,NA,NA,NA,1.4,34,959.14,"N",NA,"09","2017"
"NETNStream","SAGA","SAGASA","Blow-Me-Up Brook (Stream A)",2017-05-22,"SWRL",1899-12-31 10:25:32,0.2,7.839,915.89,7.893,NA,0.9352,NA,13,NA,0.095,NA,NA,"<MRL 0.001",NA,"<MRL 0.005",NA,"<MRL 1",139.724375,NA,40.957,NA,"SAGASA_20170522","05","2017","052017",NA,NA,NA,NA,NA,NA,NA,NA,NA,NA,NA,NA,NA,NA,NA,NA,NA,NA,NA,NA,NA,NA
"NETNStream","SAGA","SAGASA","Blow-Me-Up Brook (Stream A)",2017-06-20,NA,NA,NA,NA,NA,NA,NA,NA,NA,NA,NA,NA,NA,NA,NA,NA,NA,NA,NA,NA,NA,NA,NA,"SAGASA_20170620","06","2017","062017",2017-06-20,"14:55",17,"19:30",11.6,NA,NA,NA,NA,NA,NA,NA,NA,NA,NA,NA,NA,NA,"Y-24",NA,"06","2017"
"NETNStream","SAGA","SAGASA","Blow-Me-Up Brook (Stream A)",2017-08-22,"SWRL",1899-12-31 10:50:00,0.1,8.037,1679.762,3.171,NA,0.8855,NA,4.4,NA,NA,NA,NA,"<MRL 0.001",NA,"<MRL 0.005",NA,"<MRL 1",8.0719,NA,2.3637,NA,"SAGASA_20170822","08","2017","082017",2017-08-22,"1050",16.8,"1900",13.4,NA,NA,NA,NA,9,29.61,0.029,NA,0.2,5.634,NA,NA,NA,"N",NA,"08","2017"
"NETNStream","SAGA","SAGASA","Blow-Me-Up Brook (Stream A)",2017-09-19,NA,NA,NA,NA,NA,NA,NA,NA,NA,NA,NA,NA,NA,NA,NA,NA,NA,NA,NA,NA,NA,NA,NA,"SAGASA_20170919","09","2017","092017",2017-09-19,"1000",15.9,"1840",11.1,NA,NA,0.04,40,3,9.87,0.009,NA,NA,NA,0,NA,NA,"N",NA,"09","2017"
"NETNStream","SAIR","SAIRSA","Saugus River",2017-05-10,"SWRL",1899-12-31 11:25:00,0.2,7.602,1078.75,152.479,NA,8.414,NA,32.1,NA,0.549,NA,0.0031,NA,0.00716,NA,15.3047619047619,NA,314.404166666667,NA,6701.48571428571,NA,"SAIRSA_20170510","05","2017","052017",NA,NA,NA,NA,NA,NA,NA,NA,NA,NA,NA,NA,NA,NA,NA,NA,NA,NA,NA,NA,NA,NA
"NETNStream","SAIR","SAIRSA","Saugus River",2017-06-07,"SWRL",1899-12-31 12:00:00,0.2,7.562,885.7318,157.694,NA,6.5,NA,65.9,NA,0.83,NA,0.0122,NA,0.0749,NA,NA,"<MRL 1",188.35625,NA,4351.14285714286,NA,"SAIRSA_20170607","06","2017","062017",2017-06-07,"11:50",13.26,"12:30",NA,0.14,0.16996,NA,NA,4,13.16,0.01316,NA,NA,NA,3.6,124,3498.04,"Y-24",NA,"06","2017"
"NETNStream","SAIR","SAIRSA","Saugus River",2017-08-09,"SWRL",1899-12-31 11:45:57,0.2,7.664,1196.02,33.481,NA,4.885,NA,31,NA,NA,NA,0.0027,NA,0.00742,NA,NA,"ED<100",1365.625,NA,8090.28571428571,NA,"SAIRSA_20170809","08","2017","082017",2017-08-09,"1145",19.3,"1200",19,0.02,0.024,NA,NA,NA,NA,NA,NA,NA,NA,5,219,6177.99,"N",NA,"08","2017"
"NETNStream","SAIR","SAIRSB","Turning Basin",2017-05-10,"SWRL",1899-12-31 12:30:00,0.5,7.679,1078.88,181.759,NA,8.319,NA,33.6,NA,0.515,NA,0.003,NA,0.00697,NA,NA,"<MRL 1",299.15625,NA,6671.63142857143,NA,"SAIRSB_20170510","05","2017","052017",NA,NA,NA,NA,NA,NA,NA,NA,NA,NA,NA,NA,NA,NA,NA,NA,NA,NA,NA,NA,NA,NA
"NETNStream","SAIR","SAIRSB","Turning Basin",2017-06-07,"SWRL",1899-12-31 11:00:00,0.5,7.646,885.5873,133.572,NA,7.707,NA,65.1,NA,0.827,NA,0.0124,NA,0.0867,NA,NA,"<MRL 1",209.870833333333,NA,4738.40571428571,NA,"SAIRSB_20170607","06","2017","062017",2017-06-07,"10:48",13.05,"12:30",NA,0.12,0.14568,NA,NA,5,16.45,0.01645,NA,NA,NA,3.8,136,3836.56,"High Tide",NA,"06","2017"
"NETNStream","SAIR","SAIRSB","Turning Basin",2017-08-09,"SWRL",1899-12-31 13:30:00,0.5,8.041,1410.737,89.703,NA,5.016,NA,68.3,NA,NA,NA,0.0107,NA,0.0143,NA,NA,"ED<100",4977.29166666667,NA,72242.8571428571,NA,"SAIRSB_20170809","08","2017","082017",2017-08-09,"1330",23.8,"1830",17.2,0.04,0.0485,NA,NA,9,29.61,0.029,NA,NA,NA,9.8,646,18223.66,"N",NA,"08","2017"
"NETNStream","SAIR","SAIRSB","Turning Basin",2017-08-09,"SWRL",1899-12-31 13:30:00,0.5,8.041,1410.737,89.703,NA,5.016,NA,68.3,NA,NA,NA,0.0107,NA,0.0143,NA,NA,"ED<100",4977.29166666667,NA,72242.8571428571,NA,"SAIRSB_20170809","08","2017","082017",2017-08-09,"1335",23.8,"1830",19.7,0.05,0.0607,NA,NA,11,36.19,0.036,NA,NA,NA,9.6,646,18223.66,"N","QC REP","08","2017"
"NETNStream","SAIR","SAIRSB","Turning Basin",2017-08-09,"SWRL",1899-12-31 13:30:00,0.5,8.041,1410.737,89.703,NA,5.016,NA,68.3,NA,NA,NA,0.0107,NA,0.0143,NA,NA,"ED<100",4977.29166666667,NA,72242.8571428571,NA,"SAIRSB_20170809","08","2017","082017",2017-08-09,"1330",23.8,"1830",17.2,0.04,0.0485,NA,NA,9,29.61,0.029,NA,NA,NA,9.8,646,18223.66,"N",NA,"08","2017"
"NETNStream","SAIR","SAIRSB","Turning Basin",2017-08-09,"SWRL",1899-12-31 13:30:00,0.5,8.041,1410.737,89.703,NA,5.016,NA,68.3,NA,NA,NA,0.0107,NA,0.0143,NA,NA,"ED<100",4977.29166666667,NA,72242.8571428571,NA,"SAIRSB_20170809","08","2017","082017",2017-08-09,"1335",23.8,"1830",19.7,0.05,0.0607,NA,NA,11,36.19,0.036,NA,NA,NA,9.6,646,18223.66,"N","QC REP","08","2017"
"NETNStream","SARA","SARASA","Kroma Kill (Stream A)",2017-05-11,"SWRL",1899-12-31 13:45:00,0.2,8.484,2354.62,102.004,NA,3.979,NA,24,NA,1.244,NA,0.0023,NA,NA,"<MRL 0.005",67.8037301587302,NA,189.638541666667,NA,640.935428571429,NA,"SARASA_20170511","05","2017","052017",NA,NA,NA,NA,NA,NA,NA,NA,NA,NA,NA,NA,NA,NA,NA,NA,NA,NA,NA,NA,NA,NA
"NETNStream","SARA","SARASA","Kroma Kill (Stream A)",2017-06-08,NA,NA,NA,NA,NA,NA,NA,NA,NA,NA,NA,NA,NA,NA,NA,NA,NA,NA,NA,NA,NA,NA,NA,"SARASA_20170608","06","2017","062017",2017-06-08,"14:24",16.99,"16:30",NA,0.01,0.01214,NA,NA,NA,NA,NA,NA,NA,NA,NA,NA,NA,"Y-24",NA,"06","2017"
"NETNStream","SARA","SARASA","Kroma Kill (Stream A)",2017-08-10,"SWRL",1899-12-31 11:45:00,0.1,8.397,3298.372,188.337,NA,3.169,NA,25,NA,NA,NA,0.0229,NA,NA,"<MRL 0.005",1011.19682539683,NA,237.614583333333,NA,743.56,NA,"SARASA_20170810","08","2017","082017",2017-08-10,"1145",19.3,"1300",15.7,NA,NA,0.03,30,25,82.25,0.082,NA,21,565,1.2,NA,NA,"N","Next day test","08","2017"
"NETNStream","SARA","SARASA","Kroma Kill (Stream A)",2017-08-10,"SWRL",1899-12-31 11:45:00,0.1,8.397,3298.372,188.337,NA,3.169,NA,25,NA,NA,NA,0.0229,NA,NA,"<MRL 0.005",1011.19682539683,NA,237.614583333333,NA,743.56,NA,"SARASA_20170810","08","2017","082017",2017-08-10,"1340",21.2,"1300",15.3,0.01,0.012,0.03,30,21,69.09,0.069,NA,21,565,1.1,NA,NA,"N","Next day test","08","2017"
"NETNStream","SARA","SARASA","Kroma Kill (Stream A)",2017-08-10,"SWRL",1899-12-31 11:45:00,0.1,8.442,3391.791,471.733,NA,2.84,NA,30.2,NA,NA,NA,0.0214,NA,NA,"<MRL 0.005",921.850793650794,NA,269.785416666667,NA,957.285714285714,NA,"SARASA_20170810","08","2017","082017",2017-08-10,"1145",19.3,"1300",15.7,NA,NA,0.03,30,25,82.25,0.082,NA,21,565,1.2,NA,NA,"N","Next day test","08","2017"
"NETNStream","SARA","SARASA","Kroma Kill (Stream A)",2017-08-10,"SWRL",1899-12-31 11:45:00,0.1,8.442,3391.791,471.733,NA,2.84,NA,30.2,NA,NA,NA,0.0214,NA,NA,"<MRL 0.005",921.850793650794,NA,269.785416666667,NA,957.285714285714,NA,"SARASA_20170810","08","2017","082017",2017-08-10,"1340",21.2,"1300",15.3,0.01,0.012,0.03,30,21,69.09,0.069,NA,21,565,1.1,NA,NA,"N","Next day test","08","2017"
"NETNStream","SARA","SARASA","Kroma Kill (Stream A)",2017-08-10,"SWRL",1899-12-31 11:45:00,0.1,8.397,3298.372,188.337,NA,3.169,NA,25,NA,NA,NA,0.0229,NA,NA,"<MRL 0.005",1011.19682539683,NA,237.614583333333,NA,743.56,NA,"SARASA_20170810","08","2017","082017",2017-08-10,"1145",19.3,"1300",15.7,NA,NA,0.03,30,25,82.25,0.082,NA,21,565,1.2,NA,NA,"N","Next day test","08","2017"
"NETNStream","SARA","SARASA","Kroma Kill (Stream A)",2017-08-10,"SWRL",1899-12-31 11:45:00,0.1,8.397,3298.372,188.337,NA,3.169,NA,25,NA,NA,NA,0.0229,NA,NA,"<MRL 0.005",1011.19682539683,NA,237.614583333333,NA,743.56,NA,"SARASA_20170810","08","2017","082017",2017-08-10,"1340",21.2,"1300",15.3,0.01,0.012,0.03,30,21,69.09,0.069,NA,21,565,1.1,NA,NA,"N","Next day test","08","2017"
"NETNStream","SARA","SARASA","Kroma Kill (Stream A)",2017-08-10,"SWRL",1899-12-31 11:45:00,0.1,8.442,3391.791,471.733,NA,2.84,NA,30.2,NA,NA,NA,0.0214,NA,NA,"<MRL 0.005",921.850793650794,NA,269.785416666667,NA,957.285714285714,NA,"SARASA_20170810","08","2017","082017",2017-08-10,"1145",19.3,"1300",15.7,NA,NA,0.03,30,25,82.25,0.082,NA,21,565,1.2,NA,NA,"N","Next day test","08","2017"
"NETNStream","SARA","SARASA","Kroma Kill (Stream A)",2017-08-10,"SWRL",1899-12-31 11:45:00,0.1,8.442,3391.791,471.733,NA,2.84,NA,30.2,NA,NA,NA,0.0214,NA,NA,"<MRL 0.005",921.850793650794,NA,269.785416666667,NA,957.285714285714,NA,"SARASA_20170810","08","2017","082017",2017-08-10,"1340",21.2,"1300",15.3,0.01,0.012,0.03,30,21,69.09,0.069,NA,21,565,1.1,NA,NA,"N","Next day test","08","2017"
"NETNStream","SARA","SARASA","Kroma Kill (Stream A)",2017-09-07,NA,NA,NA,NA,NA,NA,NA,NA,NA,NA,NA,NA,NA,NA,NA,NA,NA,NA,NA,NA,NA,NA,NA,"SARASA_20170907","09","2017","092017",2017-09-07,"1300",16.4,"1930",15.5,0.04,0.048,0.05,50,2,6.58,0.006,5,NA,NA,1.4,34,959.14,"Y-24",NA,"09","2017"
"NETNStream","SARA","SARASD","Mill Creek Confluence (Stream D)",2017-05-11,"SWRL",1899-12-31 12:00:00,0.2,8.426,2508.04,131.067,NA,3.804,NA,29.3,NA,1.432,NA,0.0016,NA,NA,"<MRL 0.005",97.8181746031746,NA,229.435,NA,521.639285714286,NA,"SARASD_20170511","05","2017","052017",NA,NA,NA,NA,NA,NA,NA,NA,NA,NA,NA,NA,NA,NA,NA,NA,NA,NA,NA,NA,NA,NA
"NETNStream","SARA","SARASD","Mill Creek Confluence (Stream D)",2017-06-08,NA,NA,NA,NA,NA,NA,NA,NA,NA,NA,NA,NA,NA,NA,NA,NA,NA,NA,NA,NA,NA,NA,NA,"SARASD_20170608","06","2017","062017",2017-06-08,"11:17",14.33,"13:00",NA,NA,NA,NA,NA,NA,NA,NA,NA,NA,NA,NA,NA,NA,"Y-24",NA,"06","2017"
"NETNStream","SARA","SARASD","Mill Creek Confluence (Stream D)",2017-08-10,"SWRL",1899-12-31 15:30:00,0.1,8.284,2345.741,299.086,NA,3.11,NA,26.7,NA,NA,NA,0.0111,NA,NA,"<MRL 0.005",642.314285714286,NA,455.322916666667,NA,445.122857142857,NA,"SARASD_20170810","08","2017","082017",2017-08-10,"1530",21.7,"1300",16.8,0.02,0.024,NA,NA,15,49.35,0.049,NA,15.4,433.81,NA,NA,NA,"N","Next day test","08","2017"
"NETNStream","SARA","SARASD","Mill Creek Confluence (Stream D)",2017-09-07,NA,NA,NA,NA,NA,NA,NA,NA,NA,NA,NA,NA,NA,NA,NA,NA,NA,NA,NA,NA,NA,NA,NA,"SARASD_20170907","09","2017","092017",2017-09-07,"1130",16.1,"1900",13.8,0.07,0.085,0.04,40,6,19.74,0.019,2,NA,NA,1,NA,NA,"Y-24",NA,"09","2017"
"NETNStream","SARA","SARASC","Upper Mill Creek (Stream C)",2017-05-11,"SWRL",1899-12-31 15:15:38,0.1,8.224,2424.09,44.355,NA,4.236,NA,31.6,NA,0.399,NA,0.001,NA,0.00744,NA,2.26793650793651,NA,175.4775,NA,1775.06142857143,NA,"SARASC_20170511","05","2017","052017",NA,NA,NA,NA,NA,NA,NA,NA,NA,NA,NA,NA,NA,NA,NA,NA,NA,NA,NA,NA,NA,NA
"NETNStream","SARA","SARASC","Upper Mill Creek (Stream C)",2017-06-08,NA,NA,NA,NA,NA,NA,NA,NA,NA,NA,NA,NA,NA,NA,NA,NA,NA,NA,NA,NA,NA,NA,NA,"SARASC_20170608","06","2017","062017",2017-06-08,"15:32",19.48,"16:30",NA,0.07,0.08498,NA,NA,3,9.87,0.00987,NA,NA,NA,1.8,45,1269.45,"Y-24",NA,"06","2017"
"NETNStream","SARA","SARASC","Upper Mill Creek (Stream C)",2017-09-07,NA,NA,NA,NA,NA,NA,NA,NA,NA,NA,NA,NA,NA,NA,NA,NA,NA,NA,NA,NA,NA,NA,NA,"SARASC_20170907","09","2017","092017",2017-09-07,"1430",17.3,"2000",15.7,0.16,0.194,0.22,220,5,16.45,0.016,NA,NA,NA,3.6,119,3356.99,"Y-24",NA,"09","2017"
"NETNLake","ACAD","ACBOWL","The Bowl",2017-04-12,"SWRL",1899-12-31 10:45:00,0.5,6.35,47.77077,NA,NA,1.727,NA,NA,NA,0.124,NA,NA,NA,NA,NA,NA,"MDL<1",38.4909375,NA,251.720857142857,NA,"ACBOWL_20170412","04","2017","042017",NA,NA,NA,NA,NA,NA,NA,NA,NA,NA,NA,NA,NA,NA,NA,NA,NA,NA,NA,NA,NA,NA
"NETNLake","ACAD","ACBUBL","Bubble Pond",2017-04-17,"SWRL",1899-12-31 09:20:00,0.5,6.463,70.66886,NA,NA,1.749,NA,NA,NA,0.089,NA,NA,NA,NA,NA,NA,"MDL<1",38.9788541666667,NA,157.891428571429,NA,"ACBUBL_20170417","04","2017","042017",NA,NA,NA,NA,NA,NA,NA,NA,NA,NA,NA,NA,NA,NA,NA,NA,NA,NA,NA,NA,NA,NA
"NETNLake","ACAD","ACBUBL","Bubble Pond",2017-05-31,NA,NA,NA,NA,NA,NA,NA,NA,NA,NA,NA,NA,NA,NA,NA,NA,NA,NA,NA,NA,NA,NA,NA,"ACBUBL_20170531","05","2017","052017",NA,NA,NA,NA,NA,NA,NA,NA,NA,NA,NA,NA,NA,NA,NA,NA,NA,NA,NA,NA,NA,NA
"NETNLake","ACAD","ACBUBL","Bubble Pond",2017-06-28,"SWRL",1899-12-31 09:45:00,6,6.77,64.40893,12.718,NA,2.327,NA,4.2,NA,0.099,NA,NA,"<MRL 0.001",NA,"MDL<0.005",NA,"<MRL 1",33.9583333333333,NA,185.128571428571,NA,"ACBUBL_20170628","06","2017","062017",NA,NA,NA,NA,NA,NA,NA,NA,NA,NA,NA,NA,NA,NA,NA,NA,NA,NA,NA,NA,NA,NA
"NETNLake","ACAD","ACBUBL","Bubble Pond",2017-07-19,NA,NA,NA,NA,NA,NA,NA,NA,NA,NA,NA,NA,NA,NA,NA,NA,NA,NA,NA,NA,NA,NA,NA,"ACBUBL_20170719","07","2017","072017",NA,NA,NA,NA,NA,NA,NA,NA,NA,NA,NA,NA,NA,NA,NA,NA,NA,NA,NA,NA,NA,NA
"NETNLake","ACAD","ACBUBL","Bubble Pond",2017-08-30,"SWRL",1899-12-31 14:20:00,10,6.727,74.61166,11.078,NA,2.013,NA,3.8,NA,NA,NA,NA,"<MRL 0.001",NA,"<MRL 0.005",NA,"<MRL 1",2.7236,NA,4.9387,NA,"ACBUBL_20170830","08","2017","082017",NA,NA,NA,NA,NA,NA,NA,NA,NA,NA,NA,NA,NA,NA,NA,NA,NA,NA,NA,NA,NA,NA
"NETNLake","ACAD","ACBUBL","Bubble Pond",2017-09-29,NA,NA,NA,NA,NA,NA,NA,NA,NA,NA,NA,NA,NA,NA,NA,NA,NA,NA,NA,NA,NA,NA,NA,"ACBUBL_20170929","09","2017","092017",NA,NA,NA,NA,NA,NA,NA,NA,NA,NA,NA,NA,NA,NA,NA,NA,NA,NA,NA,NA,NA,NA
"NETNLake","ACAD","ACEAGL","Eagle Lake",2017-04-12,"SWRL",1899-12-31 12:10:00,0.5,6.15,60.51024,NA,NA,1.713,NA,NA,NA,0.087,NA,NA,NA,NA,NA,NA,"MDL<1",38.2154166666667,NA,162.661714285714,NA,"ACEAGL_20170412","04","2017","042017",NA,NA,NA,NA,NA,NA,NA,NA,NA,NA,NA,NA,NA,NA,NA,NA,NA,NA,NA,NA,NA,NA
"NETNLake","ACAD","ACEAGL","Eagle Lake",2017-05-24,NA,NA,NA,NA,NA,NA,NA,NA,NA,NA,NA,NA,NA,NA,NA,NA,NA,NA,NA,NA,NA,NA,NA,"ACEAGL_20170524","05","2017","052017",NA,NA,NA,NA,NA,NA,NA,NA,NA,NA,NA,NA,NA,NA,NA,NA,NA,NA,NA,NA,NA,NA
"NETNLake","ACAD","ACEAGL","Eagle Lake",2017-06-22,"SWRL",1899-12-31 09:30:00,10,6.752,58.28547,11.355,NA,2.007,NA,3.4,NA,0.101,NA,NA,"<MRL 0.001",NA,"MDL<0.005",NA,"<MRL 1",37.7083333333333,NA,214.322857142857,NA,"ACEAGL_20170622","06","2017","062017",NA,NA,NA,NA,NA,NA,NA,NA,NA,NA,NA,NA,NA,NA,NA,NA,NA,NA,NA,NA,NA,NA
"NETNLake","ACAD","ACEAGL","Eagle Lake",2017-07-20,NA,NA,NA,NA,NA,NA,NA,NA,NA,NA,NA,NA,NA,NA,NA,NA,NA,NA,NA,NA,NA,NA,NA,"ACEAGL_20170720","07","2017","072017",NA,NA,NA,NA,NA,NA,NA,NA,NA,NA,NA,NA,NA,NA,NA,NA,NA,NA,NA,NA,NA,NA
"NETNLake","ACAD","ACEAGL","Eagle Lake",2017-08-29,"SWRL",1899-12-31 09:00:00,10,6.585,63.53656,7.884,NA,1.911,NA,3,NA,NA,NA,NA,"<MRL 0.001",NA,"<MRL 0.005",NA,"<MRL 1",2.5611,NA,5.9451,NA,"ACEAGL_20170829","08","2017","082017",NA,NA,NA,NA,NA,NA,NA,NA,NA,NA,NA,NA,NA,NA,NA,NA,NA,NA,NA,NA,NA,NA
"NETNLake","ACAD","ACEAGL","Eagle Lake",2017-09-18,NA,NA,NA,NA,NA,NA,NA,NA,NA,NA,NA,NA,NA,NA,NA,NA,NA,NA,NA,NA,NA,NA,NA,"ACEAGL_20170918","09","2017","092017",NA,NA,NA,NA,NA,NA,NA,NA,NA,NA,NA,NA,NA,NA,NA,NA,NA,NA,NA,NA,NA,NA
"NETNLake","ACAD","ACECHO","Echo Lake",2017-04-09,"SWRL",1899-12-31 12:05:00,0.5,6.63,98.87475,NA,NA,2.987,NA,NA,NA,0.118,NA,NA,NA,NA,NA,NA,"MDL<1",55.2541666666667,NA,444.431142857143,NA,"ACECHO_20170409","04","2017","042017",NA,NA,NA,NA,NA,NA,NA,NA,NA,NA,NA,NA,NA,NA,NA,NA,NA,NA,NA,NA,NA,NA
"NETNLake","ACAD","ACECHO","Echo Lake",2017-05-24,NA,NA,NA,NA,NA,NA,NA,NA,NA,NA,NA,NA,NA,NA,NA,NA,NA,NA,NA,NA,NA,NA,NA,"ACECHO_20170524","05","2017","052017",NA,NA,NA,NA,NA,NA,NA,NA,NA,NA,NA,NA,NA,NA,NA,NA,NA,NA,NA,NA,NA,NA
"NETNLake","ACAD","ACECHO","Echo Lake",2017-06-28,"SWRL",1899-12-31 13:30:00,6,6.889,97.78818,16.968,NA,2.817,NA,5.9,NA,0.122,NA,NA,"<MRL 0.001",NA,"MDL<0.005",NA,"<MRL 1",58.75,NA,582.705714285714,NA,"ACECHO_20170628","06","2017","062017",2017-06-28,"13:30",15.6,"14:55",23.18,0.04,0.049,NA,NA,1,3.29,0.00329,NA,1.2,33.9,NA,NA,NA,NA,NA,"06","2017"
"NETNLake","ACAD","ACECHO","Echo Lake",2017-07-18,NA,NA,NA,NA,NA,NA,NA,NA,NA,NA,NA,NA,NA,NA,NA,NA,NA,NA,NA,NA,NA,NA,NA,"ACECHO_20170718","07","2017","072017",NA,NA,NA,NA,NA,NA,NA,NA,NA,NA,NA,NA,NA,NA,NA,NA,NA,NA,NA,NA,NA,NA
"NETNLake","ACAD","ACECHO","Echo Lake",2017-08-22,"SWRL",1899-12-31 13:00:00,9,108.437,6.853,16.394,NA,2.826,NA,3.9,NA,NA,NA,NA,"<MRL 0.001",0.0058,NA,NA,"<MRL 1",4.1131,NA,20.4348,NA,"ACECHO_20170822","08","2017","082017",NA,NA,NA,NA,NA,NA,NA,NA,NA,NA,NA,NA,NA,NA,NA,NA,NA,NA,NA,NA,NA,NA
"NETNLake","ACAD","ACECHO","Echo Lake",2017-09-25,NA,NA,NA,NA,NA,NA,NA,NA,NA,NA,NA,NA,NA,NA,NA,NA,NA,NA,NA,NA,NA,NA,NA,"ACECHO_20170925","09","2017","092017",NA,NA,NA,NA,NA,NA,NA,NA,NA,NA,NA,NA,NA,NA,NA,NA,NA,NA,NA,NA,NA,NA
"NETNLake","ACAD","ACJORD","Jordan Pond",2017-04-17,"SWRL",1899-12-31 13:35:00,0.5,6.621,65.75733,NA,NA,1.494,NA,NA,NA,0.083,NA,NA,NA,NA,NA,NA,"MDL<1",44.840625,NA,130.448,NA,"ACJORD_20170417","04","2017","042017",NA,NA,NA,NA,NA,NA,NA,NA,NA,NA,NA,NA,NA,NA,NA,NA,NA,NA,NA,NA,NA,NA
"NETNLake","ACAD","ACJORD","Jordan Pond",2017-05-30,NA,NA,NA,NA,NA,NA,NA,NA,NA,NA,NA,NA,NA,NA,NA,NA,NA,NA,NA,NA,NA,NA,NA,"ACJORD_20170530","05","2017","052017",NA,NA,NA,NA,NA,NA,NA,NA,NA,NA,NA,NA,NA,NA,NA,NA,NA,NA,NA,NA,NA,NA
"NETNLake","ACAD","ACJORD","Jordan Pond",2017-06-27,"SWRL",1899-12-31 10:45:00,7,6.723,69.82255,9.867,NA,1.974,NA,4.9,NA,0.086,NA,NA,"<MRL 0.001",NA,"MDL<0.005",NA,"<MRL 1",40.625,NA,181.748571428571,NA,"ACJORD_20170627","06","2017","062017",NA,NA,NA,NA,NA,NA,NA,NA,NA,NA,NA,NA,NA,NA,NA,NA,NA,NA,NA,NA,NA,NA
"NETNLake","ACAD","ACJORD","Jordan Pond",2017-07-28,NA,NA,NA,NA,NA,NA,NA,NA,NA,NA,NA,NA,NA,NA,NA,NA,NA,NA,NA,NA,NA,NA,NA,"ACJORD_20170728","07","2017","072017",NA,NA,NA,NA,NA,NA,NA,NA,NA,NA,NA,NA,NA,NA,NA,NA,NA,NA,NA,NA,NA,NA
"NETNLake","ACAD","ACJORD","Jordan Pond",2017-08-30,"SWRL",1899-12-31 12:30:00,10,6.524,75.50978,7.571,NA,1.752,NA,1.7,NA,NA,NA,NA,"<MRL 0.001",NA,"<MRL 0.005",NA,"<MRL 1",2.9604,NA,4.9011,NA,"ACJORD_20170830","08","2017","082017",NA,NA,NA,NA,NA,NA,NA,NA,NA,NA,NA,NA,NA,NA,NA,NA,NA,NA,NA,NA,NA,NA
"NETNLake","ACAD","ACJORD","Jordan Pond",2017-09-25,NA,NA,NA,NA,NA,NA,NA,NA,NA,NA,NA,NA,NA,NA,NA,NA,NA,NA,NA,NA,NA,NA,NA,"ACJORD_20170925","09","2017","092017",NA,NA,NA,NA,NA,NA,NA,NA,NA,NA,NA,NA,NA,NA,NA,NA,NA,NA,NA,NA,NA,NA
"NETNLake","ACAD","ACLONG","Long Pond (MDI)",2017-04-09,"SWRL",1899-12-31 12:40:00,0.5,6.54,72.70033,NA,NA,3.022,NA,NA,NA,0.131,NA,NA,NA,NA,NA,NA,"MDL<1",50.5155208333333,NA,213.545142857143,NA,"ACLONG_20170409","04","2017","042017",NA,NA,NA,NA,NA,NA,NA,NA,NA,NA,NA,NA,NA,NA,NA,NA,NA,NA,NA,NA,NA,NA
"NETNLake","ACAD","ACLONG","Long Pond (MDI)",2017-05-24,NA,NA,NA,NA,NA,NA,NA,NA,NA,NA,NA,NA,NA,NA,NA,NA,NA,NA,NA,NA,NA,NA,NA,"ACLONG_20170524","05","2017","052017",NA,NA,NA,NA,NA,NA,NA,NA,NA,NA,NA,NA,NA,NA,NA,NA,NA,NA,NA,NA,NA,NA
"NETNLake","ACAD","ACLONG","Long Pond (MDI)",2017-06-25,"SWRL",1899-12-31 11:50:00,6,6.721,69.89108,17.806,NA,3.237,NA,5.9,NA,0.149,NA,NA,"<MRL 0.001",0.00849,NA,NA,"<MRL 1",53.125,NA,290.557142857143,NA,"ACLONG_20170625","06","2017","062017",NA,NA,NA,NA,NA,NA,NA,NA,NA,NA,NA,NA,NA,NA,NA,NA,NA,NA,NA,NA,NA,NA
"NETNLake","ACAD","ACLONG","Long Pond (MDI)",2017-07-24,NA,NA,NA,NA,NA,NA,NA,NA,NA,NA,NA,NA,NA,NA,NA,NA,NA,NA,NA,NA,NA,NA,NA,"ACLONG_20170724","07","2017","072017",NA,NA,NA,NA,NA,NA,NA,NA,NA,NA,NA,NA,NA,NA,NA,NA,NA,NA,NA,NA,NA,NA
"NETNLake","ACAD","ACLONG","Long Pond (MDI)",2017-08-28,"SWRL",1899-12-31 10:30:00,10,6.419,76.75024,12.858,NA,3.083,NA,3.6,NA,NA,NA,NA,"<MRL 0.001",0.0056,NA,NA,"<MRL 1",3.2661,NA,8.1581,NA,"ACLONG_20170828","08","2017","082017",2017-08-28,"1030",21.4,"1500",16.77,0.05,0.061,NA,NA,NA,NA,NA,NA,9.2,259.16,NA,NA,NA,"N",NA,"08","2017"
"NETNLake","ACAD","ACLONG","Long Pond (MDI)",2017-09-27,NA,NA,NA,NA,NA,NA,NA,NA,NA,NA,NA,NA,NA,NA,NA,NA,NA,NA,NA,NA,NA,NA,NA,"ACLONG_20170927","09","2017","092017",NA,NA,NA,NA,NA,NA,NA,NA,NA,NA,NA,NA,NA,NA,NA,NA,NA,NA,NA,NA,NA,NA
"NETNLake","ACAD","ACROUN","Round Pond",2017-05-25,NA,NA,NA,NA,NA,NA,NA,NA,NA,NA,NA,NA,NA,NA,NA,NA,NA,NA,NA,NA,NA,NA,NA,"ACROUN_20170525","05","2017","052017",NA,NA,NA,NA,NA,NA,NA,NA,NA,NA,NA,NA,NA,NA,NA,NA,NA,NA,NA,NA,NA,NA
"NETNLake","ACAD","ACROUN","Round Pond",2017-06-26,"SWRL",1899-12-31 14:00:00,3,6.414,38.46996,33.7709,NA,4.468,NA,8.9,NA,0.208,NA,NA,"<MRL 0.001",0.00826,NA,NA,"<MRL 1",37.7083333333333,NA,287.957142857143,NA,"ACROUN_20170626","06","2017","062017",2017-06-26,"14:00",17.8,"15:20",24.71,0.16,0.194,NA,NA,4,13.16,0.01316,NA,NA,NA,NA,NA,NA,NA,NA,"06","2017"
"NETNLake","ACAD","ACROUN","Round Pond",2017-07-18,NA,NA,NA,NA,NA,NA,NA,NA,NA,NA,NA,NA,NA,NA,NA,NA,NA,NA,NA,NA,NA,NA,NA,"ACROUN_20170718","07","2017","072017",NA,NA,NA,NA,NA,NA,NA,NA,NA,NA,NA,NA,NA,NA,NA,NA,NA,NA,NA,NA,NA,NA
"NETNLake","ACAD","ACROUN","Round Pond",2017-08-31,"SWRL",1899-12-31 10:15:00,4,6.262,47.70228,25.927,NA,4.585,NA,5.1,NA,NA,NA,0.0015,NA,0.00687,NA,NA,"<MRL 1",2.7455,NA,7.9272,NA,"ACROUN_20170831","08","2017","082017",2017-08-31,"1015",21.9,"1210",23.49,0.206,0.25,NA,NA,NA,NA,NA,NA,10.9,307.05,NA,NA,NA,"N",NA,"08","2017"
"NETNLake","ACAD","ACROUN","Round Pond",2017-09-22,NA,NA,NA,NA,NA,NA,NA,NA,NA,NA,NA,NA,NA,NA,NA,NA,NA,NA,NA,NA,NA,NA,NA,"ACROUN_20170922","09","2017","092017",NA,NA,NA,NA,NA,NA,NA,NA,NA,NA,NA,NA,NA,NA,NA,NA,NA,NA,NA,NA,NA,NA
"NETNLake","ACAD","ACSAMP","Sargent Mtn Pond",2017-04-17,"SWRL",1899-12-31 11:45:00,0.5,5.08,4.639595,NA,NA,3.898,NA,NA,NA,0.13,NA,NA,NA,NA,NA,NA,"MDL<1",28.0692708333333,NA,130.760714285714,NA,"ACSAMP_20170417","04","2017","042017",NA,NA,NA,NA,NA,NA,NA,NA,NA,NA,NA,NA,NA,NA,NA,NA,NA,NA,NA,NA,NA,NA
"NETNLake","ACAD","ACSEAL","Seal Cove Pond",2017-04-09,"SWRL",1899-12-31 17:10:00,0.5,6.12,65.38874,NA,NA,4.354,NA,NA,NA,0.163,NA,NA,NA,NA,NA,NA,"MDL<1",49.0911458333333,NA,251.359571428571,NA,"ACSEAL_20170409","04","2017","042017",NA,NA,NA,NA,NA,NA,NA,NA,NA,NA,NA,NA,NA,NA,NA,NA,NA,NA,NA,NA,NA,NA
"NETNLake","ACAD","ACSEAL","Seal Cove Pond",2017-05-25,NA,NA,NA,NA,NA,NA,NA,NA,NA,NA,NA,NA,NA,NA,NA,NA,NA,NA,NA,NA,NA,NA,NA,"ACSEAL_20170525","05","2017","052017",NA,NA,NA,NA,NA,NA,NA,NA,NA,NA,NA,NA,NA,NA,NA,NA,NA,NA,NA,NA,NA,NA
"NETNLake","ACAD","ACSEAL","Seal Cove Pond",2017-06-25,"SWRL",1899-12-31 10:00:00,6,6.717,69.43615,35.2,NA,4.806,NA,7.9,NA,0.203,NA,NA,"<MRL 0.001",0.00838,NA,NA,"<MRL 1",54.7916666666667,NA,340.6,NA,"ACSEAL_20170625","06","2017","062017",NA,NA,NA,NA,NA,NA,NA,NA,NA,NA,NA,NA,NA,NA,NA,NA,NA,NA,NA,NA,NA,NA
"NETNLake","ACAD","ACSEAL","Seal Cove Pond",2017-07-24,NA,NA,NA,NA,NA,NA,NA,NA,NA,NA,NA,NA,NA,NA,NA,NA,NA,NA,NA,NA,NA,NA,NA,"ACSEAL_20170724","07","2017","072017",NA,NA,NA,NA,NA,NA,NA,NA,NA,NA,NA,NA,NA,NA,NA,NA,NA,NA,NA,NA,NA,NA
"NETNLake","ACAD","ACSEAL","Seal Cove Pond",2017-08-28,"SWRL",1899-12-31 12:35:00,8,6.615,81.26867,24.794,NA,4.423,NA,4.6,NA,NA,NA,NA,"<MRL 0.001",NA,"<MRL 0.005",NA,"<MRL 1",3.1362,NA,8.9795,NA,"ACSEAL_20170828","08","2017","082017",2017-08-28,"1240",22.7,"1530",20.06,0.08,0.097,NA,NA,NA,NA,NA,NA,13,366.21,NA,NA,NA,"N",NA,"08","2017"
"NETNLake","ACAD","ACSEAL","Seal Cove Pond",2017-09-27,NA,NA,NA,NA,NA,NA,NA,NA,NA,NA,NA,NA,NA,NA,NA,NA,NA,NA,NA,NA,NA,NA,NA,"ACSEAL_20170927","09","2017","092017",NA,NA,NA,NA,NA,NA,NA,NA,NA,NA,NA,NA,NA,NA,NA,NA,NA,NA,NA,NA,NA,NA
"NETNLake","ACAD","ACUBRK","Upper Breakneck",2017-05-30,NA,NA,NA,NA,NA,NA,NA,NA,NA,NA,NA,NA,NA,NA,NA,NA,NA,NA,NA,NA,NA,NA,NA,"ACUBRK_20170530","05","2017","052017",NA,NA,NA,NA,NA,NA,NA,NA,NA,NA,NA,NA,NA,NA,NA,NA,NA,NA,NA,NA,NA,NA
"NETNLake","ACAD","ACUBRK","Upper Breakneck",2017-06-19,"SWRL",1899-12-31 11:00:00,2,6.675,100.4377,32.463,NA,4.515,NA,10.6,NA,0.278,NA,NA,"<MRL 0.001",0.00787,NA,NA,"<MRL 1",19.2666666666667,NA,240.88,NA,"ACUBRK_20170619","06","2017","062017",NA,NA,NA,NA,NA,NA,NA,NA,NA,NA,NA,NA,NA,NA,NA,NA,NA,NA,NA,NA,NA,NA
"NETNLake","ACAD","ACUBRK","Upper Breakneck",2017-07-17,NA,NA,NA,NA,NA,NA,NA,NA,NA,NA,NA,NA,NA,NA,NA,NA,NA,NA,NA,NA,NA,NA,NA,"ACUBRK_20170717","07","2017","072017",NA,NA,NA,NA,NA,NA,NA,NA,NA,NA,NA,NA,NA,NA,NA,NA,NA,NA,NA,NA,NA,NA
"NETNLake","ACAD","ACUBRK","Upper Breakneck",2017-08-24,"SWRL",1899-12-31 10:15:00,3,6.595,122.6594,37.177,NA,5.583,NA,8.4,NA,NA,NA,0.001,NA,0.0609,NA,NA,"<MRL 1",NA,"<MRL 1",9.8766,NA,"ACUBRK_20170824","08","2017","082017",2017-08-24,"1015",22.8,"1245",24.03,0.206,0.25,NA,NA,NA,NA,NA,NA,9.9,278.88,NA,NA,NA,"N",NA,"08","2017"
"NETNLake","ACAD","ACUBRK","Upper Breakneck",2017-09-22,NA,NA,NA,NA,NA,NA,NA,NA,NA,NA,NA,NA,NA,NA,NA,NA,NA,NA,NA,NA,NA,NA,NA,"ACUBRK_20170922","09","2017","092017",NA,NA,NA,NA,NA,NA,NA,NA,NA,NA,NA,NA,NA,NA,NA,NA,NA,NA,NA,NA,NA,NA
"NETNLake","ACAD","ACUHAD","Upper Hadlock",2017-04-12,"SWRL",1899-12-31 13:35:00,0.5,5.88,36.70259,NA,NA,3.383,NA,NA,NA,0.12,NA,NA,NA,NA,NA,NA,"MDL<1",37.3746875,NA,333.668142857143,NA,"ACUHAD_20170412","04","2017","042017",NA,NA,NA,NA,NA,NA,NA,NA,NA,NA,NA,NA,NA,NA,NA,NA,NA,NA,NA,NA,NA,NA
"NETNLake","ACAD","ACUHAD","Upper Hadlock",2017-05-25,NA,NA,NA,NA,NA,NA,NA,NA,NA,NA,NA,NA,NA,NA,NA,NA,NA,NA,NA,NA,NA,NA,NA,"ACUHAD_20170525","05","2017","052017",NA,NA,NA,NA,NA,NA,NA,NA,NA,NA,NA,NA,NA,NA,NA,NA,NA,NA,NA,NA,NA,NA
"NETNLake","ACAD","ACUHAD","Upper Hadlock",2017-06-21,"SWRL",1899-12-31 10:15:00,4,6.421,53.11032,39.526,NA,4.179,NA,8,NA,0.178,NA,NA,"<MRL 0.001",0.00646,NA,NA,"<MRL 1",50.625,NA,307.88,NA,"ACUHAD_20170621","06","2017","062017",NA,NA,NA,NA,NA,NA,NA,NA,NA,NA,NA,NA,NA,NA,NA,NA,NA,NA,NA,NA,NA,NA
"NETNLake","ACAD","ACUHAD","Upper Hadlock",2017-07-17,NA,NA,NA,NA,NA,NA,NA,NA,NA,NA,NA,NA,NA,NA,NA,NA,NA,NA,NA,NA,NA,NA,NA,"ACUHAD_20170717","07","2017","072017",NA,NA,NA,NA,NA,NA,NA,NA,NA,NA,NA,NA,NA,NA,NA,NA,NA,NA,NA,NA,NA,NA
"NETNLake","ACAD","ACUHAD","Upper Hadlock",2017-08-23,"SWRL",1899-12-31 11:40:00,5,6.738,77.78399,23.509,NA,3.789,NA,4.2,NA,NA,NA,NA,"<MRL 0.001",NA,"<MRL 0.005",NA,"<MRL 1",2.9828,NA,10.8803,NA,"ACUHAD_20170823","08","2017","082017",NA,NA,NA,NA,NA,NA,NA,NA,NA,NA,NA,NA,NA,NA,NA,NA,NA,NA,NA,NA,NA,NA
"NETNLake","ACAD","ACUHAD","Upper Hadlock",2017-09-22,NA,NA,NA,NA,NA,NA,NA,NA,NA,NA,NA,NA,NA,NA,NA,NA,NA,NA,NA,NA,NA,NA,NA,"ACUHAD_20170922","09","2017","092017",NA,NA,NA,NA,NA,NA,NA,NA,NA,NA,NA,NA,NA,NA,NA,NA,NA,NA,NA,NA,NA,NA
"NETNLake","ACAD","ACWHOL","Witch Hole Pond",2017-04-09,"SWRL",1899-12-31 10:40:00,0.5,5.95,39.92913,NA,NA,3.616,NA,NA,NA,0.173,NA,NA,NA,NA,NA,NA,"MDL<1",30.7540625,NA,147.199428571429,NA,"ACWHOL_20170409","04","2017","042017",NA,NA,NA,NA,NA,NA,NA,NA,NA,NA,NA,NA,NA,NA,NA,NA,NA,NA,NA,NA,NA,NA
"NETNLake","ACAD","ACWHOL","Witch Hole Pond",2017-05-30,NA,NA,NA,NA,NA,NA,NA,NA,NA,NA,NA,NA,NA,NA,NA,NA,NA,NA,NA,NA,NA,NA,NA,"ACWHOL_20170530","05","2017","052017",NA,NA,NA,NA,NA,NA,NA,NA,NA,NA,NA,NA,NA,NA,NA,NA,NA,NA,NA,NA,NA,NA
"NETNLake","ACAD","ACWHOL","Witch Hole Pond",2017-06-19,"SWRL",1899-12-31 12:30:00,3,6.424,50.53165,48.86,NA,4.526,NA,14.8,NA,0.275,NA,NA,"<MRL 0.001",0.00843,NA,NA,"<MRL 1",20.0145833333333,NA,195.177142857143,NA,"ACWHOL_20170619","06","2017","062017",NA,NA,NA,NA,NA,NA,NA,NA,NA,NA,NA,NA,NA,NA,NA,NA,NA,NA,NA,NA,NA,NA
"NETNLake","ACAD","ACWHOL","Witch Hole Pond",2017-07-17,NA,NA,NA,NA,NA,NA,NA,NA,NA,NA,NA,NA,NA,NA,NA,NA,NA,NA,NA,NA,NA,NA,NA,"ACWHOL_20170717","07","2017","072017",NA,NA,NA,NA,NA,NA,NA,NA,NA,NA,NA,NA,NA,NA,NA,NA,NA,NA,NA,NA,NA,NA
"NETNLake","ACAD","ACWHOL","Witch Hole Pond",2017-08-24,"SWRL",1899-12-31 11:40:00,4,6.499,60.16514,41.508,NA,4.528,NA,8.7,NA,NA,NA,NA,"<MRL 0.001",0.00708,NA,NA,"<MRL 1",1.0035,NA,6.7539,NA,"ACWHOL_20170824","08","2017","082017",2017-08-24,"1140",23.6,"1315",24.64,0.316,0.384,NA,NA,NA,NA,NA,NA,6,169.02,NA,NA,NA,"N",NA,"08","2017"
"NETNLake","ACAD","ACWHOL","Witch Hole Pond",2017-09-28,NA,NA,NA,NA,NA,NA,NA,NA,NA,NA,NA,NA,NA,NA,NA,NA,NA,NA,NA,NA,NA,NA,NA,"ACWHOL_20170928","09","2017","092017",NA,NA,NA,NA,NA,NA,NA,NA,NA,NA,NA,NA,NA,NA,NA,NA,NA,NA,NA,NA,NA,NA
"NETNLake","ACAD","ACWOOD","Lake Wood",2017-05-30,NA,NA,NA,NA,NA,NA,NA,NA,NA,NA,NA,NA,NA,NA,NA,NA,NA,NA,NA,NA,NA,NA,NA,"ACWOOD_20170530","05","2017","052017",NA,NA,NA,NA,NA,NA,NA,NA,NA,NA,NA,NA,NA,NA,NA,NA,NA,NA,NA,NA,NA,NA
"NETNLake","ACAD","ACWOOD","Lake Wood",2017-06-21,"SWRL",1899-12-31 14:00:00,3,6.515,44.97675,20.027,NA,2.102,NA,7.4,NA,0.122,NA,NA,"<MRL 0.001",0.00821,NA,NA,"<MRL 1",39.1666666666667,NA,161.62,NA,"ACWOOD_20170621","06","2017","062017",2017-06-21,"14:00",17,"15:45",NA,NA,NA,NA,NA,NA,NA,NA,NA,NA,NA,NA,NA,NA,NA,NA,"06","2017"
"NETNLake","ACAD","ACWOOD","Lake Wood",2017-07-19,NA,NA,NA,NA,NA,NA,NA,NA,NA,NA,NA,NA,NA,NA,NA,NA,NA,NA,NA,NA,NA,NA,NA,"ACWOOD_20170719","07","2017","072017",NA,NA,NA,NA,NA,NA,NA,NA,NA,NA,NA,NA,NA,NA,NA,NA,NA,NA,NA,NA,NA,NA
"NETNLake","ACAD","ACWOOD","Lake Wood",2017-08-23,"SWRL",1899-12-31 13:20:00,3,6.591,49.91048,22.549,NA,2.385,NA,6.1,NA,NA,NA,NA,"<MRL 0.001",NA,"<MRL 0.005",NA,"<MRL 1",2.9715,NA,5.4461,NA,"ACWOOD_20170823","08","2017","082017",2017-08-23,"1320",24.5,"1500",25,0.049,0.06,NA,NA,NA,NA,NA,NA,4.8,135.22,NA,NA,NA,"N",NA,"08","2017"
"NETNLake","ACAD","ACWOOD","Lake Wood",2017-09-28,NA,NA,NA,NA,NA,NA,NA,NA,NA,NA,NA,NA,NA,NA,NA,NA,NA,NA,NA,NA,NA,NA,NA,"ACWOOD_20170928","09","2017","092017",NA,NA,NA,NA,NA,NA,NA,NA,NA,NA,NA,NA,NA,NA,NA,NA,NA,NA,NA,NA,NA,NA
"NETNPond","MABI","MABIPA","The Pogue",2017-05-24,NA,NA,NA,NA,NA,NA,NA,NA,NA,NA,NA,NA,NA,NA,NA,NA,NA,NA,NA,NA,NA,NA,NA,"MABIPA_20170524","05","2017","052017",NA,NA,NA,NA,NA,NA,NA,NA,NA,NA,NA,NA,NA,NA,NA,NA,NA,NA,NA,NA,NA,NA
"NETNPond","MABI","MABIPA","The Pogue",2017-06-21,"SWRL",1899-12-31 14:00:00,0.5,8.292,1644.971,27.195,NA,2.628,NA,11.3,NA,0.26,NA,NA,"<MRL 0.001",NA,"MDL<0.005",NA,"<MRL 1",101.847916666667,NA,13.2,NA,"MABIPA_20170621","06","2017","062017",2017-06-21,"14:00",24.4,"19:00",10,NA,NA,NA,NA,1,3.29,0.00329,NA,NA,NA,NA,NA,NA,"N",NA,"06","2017"
"NETNPond","MABI","MABIPA","The Pogue",2017-08-23,"SWRL",1899-12-31 13:45:00,0.5,8.285,1752.214,40.097,NA,3.659,NA,13.6,NA,NA,NA,NA,"<MRL 0.001",0.006,NA,NA,"<MRL 1",4.7854,NA,NA,"<MRL 1","MABIPA_20170823","08","2017","082017",2017-08-23,"1345",24.5,"7:00",5.7,NA,NA,NA,NA,5,16.45,0.016,NA,NA,NA,NA,NA,NA,"Y-24","Next day test","08","2017"
"NETNPond","MABI","MABIPA","The Pogue",2017-09-20,NA,NA,NA,NA,NA,NA,NA,NA,NA,NA,NA,NA,NA,NA,NA,NA,NA,NA,NA,NA,NA,NA,NA,"MABIPA_20170920","09","2017","092017",2017-09-20,"1300",22,"1830",15.6,0.03,0.036,NA,NA,4,13.16,0.013,NA,NA,NA,0,NA,NA,"N",NA,"09","2017"
"NETNPond","SAGA","SAGAPA","Blow-Me-Down Pond",2017-05-24,NA,NA,NA,NA,NA,NA,NA,NA,NA,NA,NA,NA,NA,NA,NA,NA,NA,NA,NA,NA,NA,NA,NA,"SAGAPA_20170524","05","2017","052017",NA,NA,NA,NA,NA,NA,NA,NA,NA,NA,NA,NA,NA,NA,NA,NA,NA,NA,NA,NA,NA,NA
"NETNPond","SAGA","SAGAPA","Blow-Me-Down Pond",2017-06-21,"SWRL",1899-12-31 10:15:00,0.2,7.685,920.3053,43.09,NA,2.674,NA,18.2,NA,0.323,NA,0.0017,NA,0.0212,NA,NA,"<MRL 1",63.5354166666667,NA,480.205714285714,NA,"SAGAPA_20170621","06","2017","062017",2017-06-21,"10:15",18.5,"19:00",12.3,NA,NA,NA,NA,4,13.16,0.01316,NA,NA,NA,0.08,NA,NA,"N",NA,"06","2017"
"NETNPond","SAGA","SAGAPA","Blow-Me-Down Pond",2017-08-23,"SWRL",1899-12-31 10:00:00,0.5,7.579,1253.195,67.209,NA,2.859,NA,15.1,NA,NA,NA,0.0023,NA,0.0476,NA,NA,"<MRL 1",5.2725,NA,25.4533,NA,"SAGAPA_20170823","08","2017","082017",2017-08-23,"1000",21.5,"7:00",4.7,NA,NA,0.05,50,9,29.61,0.029,NA,4.5,126.76,NA,NA,NA,"Y-24","Next day test","08","2017"
"NETNPond","SAGA","SAGAPA","Blow-Me-Down Pond",2017-09-20,NA,NA,NA,NA,NA,NA,NA,NA,NA,NA,NA,NA,NA,NA,NA,NA,NA,NA,NA,NA,NA,NA,NA,"SAGAPA_20170920","09","2017","092017",2017-09-20,"950",20.1,"1830",14.3,0.03,0.036,NA,NA,2,6.58,0.006,NA,NA,NA,1.4,34,959.14,"N",NA,"09","2017"
"NETNPond","WEFA","WEFAPA","Weir Pond",2017-05-25,NA,NA,NA,NA,NA,NA,NA,NA,NA,NA,NA,NA,NA,NA,NA,NA,NA,NA,NA,NA,NA,NA,NA,"WEFAPA_20170525","05","2017","052017",NA,NA,NA,NA,NA,NA,NA,NA,NA,NA,NA,NA,NA,NA,NA,NA,NA,NA,NA,NA,NA,NA
"NETNPond","WEFA","WEFAPA","Weir Pond",2017-06-22,"SWRL",1899-12-31 12:30:41,0.5,7.046,381.1887,48.517,NA,5.375,NA,28,NA,0.444,NA,NA,"<MRL 0.001",0.0197,NA,NA,"<MRL 1",74.6270833333333,NA,1427.39428571429,NA,"WEFAPA_20170622","06","2017","062017",2017-06-22,"12:30",23.6,"18:00",12.9,0.03,0.03642,NA,NA,1,3.29,0.00329,NA,NA,NA,1.6,39,1100.19,"N",NA,"06","2017"
"NETNPond","WEFA","WEFAPA","Weir Pond",2017-06-22,"SWRL",1899-12-31 12:30:41,0.5,7.046,381.1887,48.517,NA,5.375,NA,28,NA,0.444,NA,NA,"<MRL 0.001",0.0197,NA,NA,"<MRL 1",74.6270833333333,NA,1427.39428571429,NA,"WEFAPA_20170622","06","2017","062017",2017-06-22,"12:35",23.6,"18:00",13,0.05,0.0607,NA,NA,NA,NA,NA,NA,NA,NA,1.6,39,1100.19,"N","QC REP","06","2017"
"NETNPond","WEFA","WEFAPA","Weir Pond",2017-08-24,"SWRL",1899-12-31 13:15:00,0.5,7.341,531.2115,3.534,NA,6.193,NA,15.4,NA,NA,NA,0.001,NA,0.0274,NA,NA,"<MRL 1",5.593,NA,54.673,NA,"WEFAPA_20170824","08","2017","082017",2017-08-24,"1315",27.3,"1930",10.4,NA,NA,NA,NA,6,19.74,0.019,NA,NA,NA,1.8,46,1297.66,"N","PO4 first test 0.94, second and third test 0.00ppm","08","2017"
"NETNPond","WEFA","WEFAPA","Weir Pond",2017-09-21,NA,NA,NA,NA,NA,NA,NA,NA,NA,NA,NA,NA,NA,NA,NA,NA,NA,NA,NA,NA,NA,NA,NA,"WEFAPA_20170921","09","2017","092017",2017-09-21,"1200",23.4,"1600",12.9,0.07,0.085,NA,NA,0,NA,NA,NA,NA,NA,1.6,40,1128.4,"N",NA,"09","2017"
